step,num_vehicles,tls_id,phase,avg_waiting_time,avg_queue_length
0,0,1407769410,0,0.0,0.0
0,0,1407769424,0,0.0,0.0
0,0,311194425,0,0.0,0.0
0,0,GS_cluster_1150106029_1150106038_1150106046_179162926,0,0.0,0.0
0,0,GS_cluster_11610500593_186913340,0,0.0,0.0
0,0,GS_cluster_151014883_192048063_193875691_312411075,0,0.0,0.0
0,0,GS_cluster_178816046_533885875_946783180_946783246,0,0.0,0.0
0,0,GS_cluster_181310361_255157088_255157309_312307082,0,0.0,0.0
0,0,GS_cluster_1829205187_1830275193_412647220,0,0.0,0.0
0,0,GS_cluster_183575304_191009058,0,0.0,0.0
0,0,GS_cluster_192610447_2701087637_2701087639_312411627,0,0.0,0.0
0,0,GS_cluster_193896937_193901000_2526973953_956503884,0,0.0,0.0
0,0,GS_cluster_223768576_223768772_223769676,0,0.0,0.0
0,0,GS_cluster_2386406068_2386406069_310983598_32902785,0,0.0,0.0
0,0,GS_cluster_239676543_239676949_490541043_490541044,0,0.0,0.0
0,0,GS_cluster_243889728_255157093,0,0.0,0.0
0,0,GS_cluster_253816661_253816670,0,0.0,0.0
0,0,GS_cluster_253830876_253830877,0,0.0,0.0
0,0,GS_cluster_255381543_312412116_315215123_32902786,0,0.0,0.0
0,0,cluster_1402121584_2273191303_3734996876_4213981066,0,0.0,0.0
0,0,cluster_1457897145_1457897151_1457897234_1829205101_#2more,0,0.0,0.0
0,0,cluster_191015674_240636109,0,0.0,0.0
0,0,cluster_194318778_223860463,0,0.0,0.0
0,0,cluster_194370890_194370892_6383385990,0,0.0,0.0
0,0,cluster_236007627_236007629,0,0.0,0.0
0,0,cluster_2387345775_8660110932,0,0.0,0.0
0,0,joinedS_223673500_310986270_5005784727_9277804071,0,0.0,0.0
0,0,joinedS_cluster_192603469_255381549_3903527581_cluster_2385586901_255381611_32904045,0,0.0,0.0
1,1,1407769410,1,0.0,7.039774727208729e-05
1,1,1407769424,1,0.0,7.039774727208729e-05
1,1,311194425,1,0.0,7.039774727208729e-05
1,1,GS_cluster_1150106029_1150106038_1150106046_179162926,1,0.0,7.039774727208729e-05
1,1,GS_cluster_11610500593_186913340,1,0.0,7.039774727208729e-05
1,1,GS_cluster_151014883_192048063_193875691_312411075,1,0.0,7.039774727208729e-05
1,1,GS_cluster_178816046_533885875_946783180_946783246,1,0.0,7.039774727208729e-05
1,1,GS_cluster_181310361_255157088_255157309_312307082,1,0.0,7.039774727208729e-05
1,1,GS_cluster_1829205187_1830275193_412647220,1,0.0,7.039774727208729e-05
1,1,GS_cluster_183575304_191009058,1,0.0,7.039774727208729e-05
1,1,GS_cluster_192610447_2701087637_2701087639_312411627,1,0.0,7.039774727208729e-05
1,1,GS_cluster_193896937_193901000_2526973953_956503884,1,0.0,7.039774727208729e-05
1,1,GS_cluster_223768576_223768772_223769676,1,0.0,7.039774727208729e-05
1,1,GS_cluster_2386406068_2386406069_310983598_32902785,1,0.0,7.039774727208729e-05
1,1,GS_cluster_239676543_239676949_490541043_490541044,1,0.0,7.039774727208729e-05
1,1,GS_cluster_243889728_255157093,1,0.0,7.039774727208729e-05
1,1,GS_cluster_253816661_253816670,1,0.0,7.039774727208729e-05
1,1,GS_cluster_253830876_253830877,1,0.0,7.039774727208729e-05
1,1,GS_cluster_255381543_312412116_315215123_32902786,1,0.0,7.039774727208729e-05
1,1,cluster_1402121584_2273191303_3734996876_4213981066,1,0.0,7.039774727208729e-05
1,1,cluster_1457897145_1457897151_1457897234_1829205101_#2more,1,0.0,7.039774727208729e-05
1,1,cluster_191015674_240636109,1,0.0,7.039774727208729e-05
1,1,cluster_194318778_223860463,1,0.0,7.039774727208729e-05
1,1,cluster_194370890_194370892_6383385990,1,0.0,7.039774727208729e-05
1,1,cluster_236007627_236007629,1,0.0,7.039774727208729e-05
1,1,cluster_2387345775_8660110932,1,0.0,7.039774727208729e-05
1,1,joinedS_223673500_310986270_5005784727_9277804071,1,0.0,7.039774727208729e-05
1,1,joinedS_cluster_192603469_255381549_3903527581_cluster_2385586901_255381611_32904045,1,0.0,7.039774727208729e-05
2,2,1407769410,1,0.0,0.0
2,2,1407769424,1,0.0,0.0
2,2,311194425,1,0.0,0.0
2,2,GS_cluster_1150106029_1150106038_1150106046_179162926,1,0.0,0.0
2,2,GS_cluster_11610500593_186913340,1,0.0,0.0
2,2,GS_cluster_151014883_192048063_193875691_312411075,1,0.0,0.0
2,2,GS_cluster_178816046_533885875_946783180_946783246,1,0.0,0.0
2,2,GS_cluster_181310361_255157088_255157309_312307082,1,0.0,0.0
2,2,GS_cluster_1829205187_1830275193_412647220,1,0.0,0.0
2,2,GS_cluster_183575304_191009058,1,0.0,0.0
2,2,GS_cluster_192610447_2701087637_2701087639_312411627,1,0.0,0.0
2,2,GS_cluster_193896937_193901000_2526973953_956503884,1,0.0,0.0
2,2,GS_cluster_223768576_223768772_223769676,1,0.0,0.0
2,2,GS_cluster_2386406068_2386406069_310983598_32902785,1,0.0,0.0
2,2,GS_cluster_239676543_239676949_490541043_490541044,1,0.0,0.0
2,2,GS_cluster_243889728_255157093,1,0.0,0.0
2,2,GS_cluster_253816661_253816670,1,0.0,0.0
2,2,GS_cluster_253830876_253830877,1,0.0,0.0
2,2,GS_cluster_255381543_312412116_315215123_32902786,1,0.0,0.0
2,2,cluster_1402121584_2273191303_3734996876_4213981066,1,0.0,0.0
2,2,cluster_1457897145_1457897151_1457897234_1829205101_#2more,1,0.0,0.0
2,2,cluster_191015674_240636109,1,0.0,0.0
2,2,cluster_194318778_223860463,1,0.0,0.0
2,2,cluster_194370890_194370892_6383385990,1,0.0,0.0
2,2,cluster_236007627_236007629,1,0.0,0.0
2,2,cluster_2387345775_8660110932,1,0.0,0.0
2,2,joinedS_223673500_310986270_5005784727_9277804071,1,0.0,0.0
2,2,joinedS_cluster_192603469_255381549_3903527581_cluster_2385586901_255381611_32904045,1,0.0,0.0
3,3,1407769410,1,0.0,7.039774727208729e-05
3,3,1407769424,1,0.0,7.039774727208729e-05
3,3,311194425,1,0.0,7.039774727208729e-05
3,3,GS_cluster_1150106029_1150106038_1150106046_179162926,1,0.0,7.039774727208729e-05
3,3,GS_cluster_11610500593_186913340,1,0.0,7.039774727208729e-05
3,3,GS_cluster_151014883_192048063_193875691_312411075,1,0.0,7.039774727208729e-05
3,3,GS_cluster_178816046_533885875_946783180_946783246,1,0.0,7.039774727208729e-05
3,3,GS_cluster_181310361_255157088_255157309_312307082,1,0.0,7.039774727208729e-05
3,3,GS_cluster_1829205187_1830275193_412647220,1,0.0,7.039774727208729e-05
3,3,GS_cluster_183575304_191009058,1,0.0,7.039774727208729e-05
3,3,GS_cluster_192610447_2701087637_2701087639_312411627,1,0.0,7.039774727208729e-05
3,3,GS_cluster_193896937_193901000_2526973953_956503884,1,0.0,7.039774727208729e-05
3,3,GS_cluster_223768576_223768772_223769676,1,0.0,7.039774727208729e-05
3,3,GS_cluster_2386406068_2386406069_310983598_32902785,1,0.0,7.039774727208729e-05
3,3,GS_cluster_239676543_239676949_490541043_490541044,1,0.0,7.039774727208729e-05
3,3,GS_cluster_243889728_255157093,1,0.0,7.039774727208729e-05
3,3,GS_cluster_253816661_253816670,1,0.0,7.039774727208729e-05
3,3,GS_cluster_253830876_253830877,1,0.0,7.039774727208729e-05
3,3,GS_cluster_255381543_312412116_315215123_32902786,1,0.0,7.039774727208729e-05
3,3,cluster_1402121584_2273191303_3734996876_4213981066,1,0.0,7.039774727208729e-05
3,3,cluster_1457897145_1457897151_1457897234_1829205101_#2more,1,0.0,7.039774727208729e-05
3,3,cluster_191015674_240636109,1,0.0,7.039774727208729e-05
3,3,cluster_194318778_223860463,1,0.0,7.039774727208729e-05
3,3,cluster_194370890_194370892_6383385990,1,0.0,7.039774727208729e-05
3,3,cluster_236007627_236007629,1,0.0,7.039774727208729e-05
3,3,cluster_2387345775_8660110932,1,0.0,7.039774727208729e-05
3,3,joinedS_223673500_310986270_5005784727_9277804071,1,0.0,7.039774727208729e-05
3,3,joinedS_cluster_192603469_255381549_3903527581_cluster_2385586901_255381611_32904045,1,0.0,7.039774727208729e-05
4,5,1407769410,1,0.0,7.039774727208729e-05
4,5,1407769424,1,0.0,7.039774727208729e-05
4,5,311194425,1,0.0,7.039774727208729e-05
4,5,GS_cluster_1150106029_1150106038_1150106046_179162926,1,0.0,7.039774727208729e-05
4,5,GS_cluster_11610500593_186913340,1,0.0,7.039774727208729e-05
4,5,GS_cluster_151014883_192048063_193875691_312411075,1,0.0,7.039774727208729e-05
4,5,GS_cluster_178816046_533885875_946783180_946783246,1,0.0,7.039774727208729e-05
4,5,GS_cluster_181310361_255157088_255157309_312307082,1,0.0,7.039774727208729e-05
4,5,GS_cluster_1829205187_1830275193_412647220,1,0.0,7.039774727208729e-05
4,5,GS_cluster_183575304_191009058,1,0.0,7.039774727208729e-05
4,5,GS_cluster_192610447_2701087637_2701087639_312411627,1,0.0,7.039774727208729e-05
4,5,GS_cluster_193896937_193901000_2526973953_956503884,1,0.0,7.039774727208729e-05
4,5,GS_cluster_223768576_223768772_223769676,1,0.0,7.039774727208729e-05
4,5,GS_cluster_2386406068_2386406069_310983598_32902785,1,0.0,7.039774727208729e-05
4,5,GS_cluster_239676543_239676949_490541043_490541044,1,0.0,7.039774727208729e-05
4,5,GS_cluster_243889728_255157093,1,0.0,7.039774727208729e-05
4,5,GS_cluster_253816661_253816670,1,0.0,7.039774727208729e-05
4,5,GS_cluster_253830876_253830877,1,0.0,7.039774727208729e-05
4,5,GS_cluster_255381543_312412116_315215123_32902786,1,0.0,7.039774727208729e-05
4,5,cluster_1402121584_2273191303_3734996876_4213981066,1,0.0,7.039774727208729e-05
4,5,cluster_1457897145_1457897151_1457897234_1829205101_#2more,1,0.0,7.039774727208729e-05
4,5,cluster_191015674_240636109,1,0.0,7.039774727208729e-05
4,5,cluster_194318778_223860463,1,0.0,7.039774727208729e-05
4,5,cluster_194370890_194370892_6383385990,1,0.0,7.039774727208729e-05
4,5,cluster_236007627_236007629,1,0.0,7.039774727208729e-05
4,5,cluster_2387345775_8660110932,1,0.0,7.039774727208729e-05
4,5,joinedS_223673500_310986270_5005784727_9277804071,1,0.0,7.039774727208729e-05
4,5,joinedS_cluster_192603469_255381549_3903527581_cluster_2385586901_255381611_32904045,1,0.0,7.039774727208729e-05
5,6,1407769410,2,0.0,7.039774727208729e-05
5,6,1407769424,2,0.0,7.039774727208729e-05
5,6,311194425,1,0.0,7.039774727208729e-05
5,6,GS_cluster_1150106029_1150106038_1150106046_179162926,1,0.0,7.039774727208729e-05
5,6,GS_cluster_11610500593_186913340,2,0.0,7.039774727208729e-05
5,6,GS_cluster_151014883_192048063_193875691_312411075,1,0.0,7.039774727208729e-05
5,6,GS_cluster_178816046_533885875_946783180_946783246,1,0.0,7.039774727208729e-05
5,6,GS_cluster_181310361_255157088_255157309_312307082,1,0.0,7.039774727208729e-05
5,6,GS_cluster_1829205187_1830275193_412647220,1,0.0,7.039774727208729e-05
5,6,GS_cluster_183575304_191009058,1,0.0,7.039774727208729e-05
5,6,GS_cluster_192610447_2701087637_2701087639_312411627,1,0.0,7.039774727208729e-05
5,6,GS_cluster_193896937_193901000_2526973953_956503884,1,0.0,7.039774727208729e-05
5,6,GS_cluster_223768576_223768772_223769676,1,0.0,7.039774727208729e-05
5,6,GS_cluster_2386406068_2386406069_310983598_32902785,1,0.0,7.039774727208729e-05
5,6,GS_cluster_239676543_239676949_490541043_490541044,1,0.0,7.039774727208729e-05
5,6,GS_cluster_243889728_255157093,1,0.0,7.039774727208729e-05
5,6,GS_cluster_253816661_253816670,2,0.0,7.039774727208729e-05
5,6,GS_cluster_253830876_253830877,1,0.0,7.039774727208729e-05
5,6,GS_cluster_255381543_312412116_315215123_32902786,1,0.0,7.039774727208729e-05
5,6,cluster_1402121584_2273191303_3734996876_4213981066,2,0.0,7.039774727208729e-05
5,6,cluster_1457897145_1457897151_1457897234_1829205101_#2more,1,0.0,7.039774727208729e-05
5,6,cluster_191015674_240636109,1,0.0,7.039774727208729e-05
5,6,cluster_194318778_223860463,1,0.0,7.039774727208729e-05
5,6,cluster_194370890_194370892_6383385990,2,0.0,7.039774727208729e-05
5,6,cluster_236007627_236007629,1,0.0,7.039774727208729e-05
5,6,cluster_2387345775_8660110932,1,0.0,7.039774727208729e-05
5,6,joinedS_223673500_310986270_5005784727_9277804071,1,0.0,7.039774727208729e-05
5,6,joinedS_cluster_192603469_255381549_3903527581_cluster_2385586901_255381611_32904045,1,0.0,7.039774727208729e-05
6,7,1407769410,2,0.0,0.0
6,7,1407769424,2,0.0,0.0
6,7,311194425,1,0.0,0.0
6,7,GS_cluster_1150106029_1150106038_1150106046_179162926,1,0.0,0.0
6,7,GS_cluster_11610500593_186913340,2,0.0,0.0
6,7,GS_cluster_151014883_192048063_193875691_312411075,1,0.0,0.0
6,7,GS_cluster_178816046_533885875_946783180_946783246,1,0.0,0.0
6,7,GS_cluster_181310361_255157088_255157309_312307082,1,0.0,0.0
6,7,GS_cluster_1829205187_1830275193_412647220,1,0.0,0.0
6,7,GS_cluster_183575304_191009058,1,0.0,0.0
6,7,GS_cluster_192610447_2701087637_2701087639_312411627,1,0.0,0.0
6,7,GS_cluster_193896937_193901000_2526973953_956503884,1,0.0,0.0
6,7,GS_cluster_223768576_223768772_223769676,1,0.0,0.0
6,7,GS_cluster_2386406068_2386406069_310983598_32902785,1,0.0,0.0
6,7,GS_cluster_239676543_239676949_490541043_490541044,1,0.0,0.0
6,7,GS_cluster_243889728_255157093,1,0.0,0.0
6,7,GS_cluster_253816661_253816670,2,0.0,0.0
6,7,GS_cluster_253830876_253830877,1,0.0,0.0
6,7,GS_cluster_255381543_312412116_315215123_32902786,1,0.0,0.0
6,7,cluster_1402121584_2273191303_3734996876_4213981066,3,0.0,0.0
6,7,cluster_1457897145_1457897151_1457897234_1829205101_#2more,1,0.0,0.0
6,7,cluster_191015674_240636109,1,0.0,0.0
6,7,cluster_194318778_223860463,1,0.0,0.0
6,7,cluster_194370890_194370892_6383385990,2,0.0,0.0
6,7,cluster_236007627_236007629,1,0.0,0.0
6,7,cluster_2387345775_8660110932,1,0.0,0.0
6,7,joinedS_223673500_310986270_5005784727_9277804071,1,0.0,0.0
6,7,joinedS_cluster_192603469_255381549_3903527581_cluster_2385586901_255381611_32904045,1,0.0,0.0
7,9,1407769410,2,0.0,0.00014079549454417458
7,9,1407769424,2,0.0,0.00014079549454417458
7,9,311194425,1,0.0,0.00014079549454417458
7,9,GS_cluster_1150106029_1150106038_1150106046_179162926,1,0.0,0.00014079549454417458
7,9,GS_cluster_11610500593_186913340,2,0.0,0.00014079549454417458
7,9,GS_cluster_151014883_192048063_193875691_312411075,1,0.0,0.00014079549454417458
7,9,GS_cluster_178816046_533885875_946783180_946783246,1,0.0,0.00014079549454417458
7,9,GS_cluster_181310361_255157088_255157309_312307082,1,0.0,0.00014079549454417458
7,9,GS_cluster_1829205187_1830275193_412647220,1,0.0,0.00014079549454417458
7,9,GS_cluster_183575304_191009058,1,0.0,0.00014079549454417458
7,9,GS_cluster_192610447_2701087637_2701087639_312411627,1,0.0,0.00014079549454417458
7,9,GS_cluster_193896937_193901000_2526973953_956503884,1,0.0,0.00014079549454417458
7,9,GS_cluster_223768576_223768772_223769676,1,0.0,0.00014079549454417458
7,9,GS_cluster_2386406068_2386406069_310983598_32902785,1,0.0,0.00014079549454417458
7,9,GS_cluster_239676543_239676949_490541043_490541044,1,0.0,0.00014079549454417458
7,9,GS_cluster_243889728_255157093,1,0.0,0.00014079549454417458
7,9,GS_cluster_253816661_253816670,2,0.0,0.00014079549454417458
7,9,GS_cluster_253830876_253830877,1,0.0,0.00014079549454417458
7,9,GS_cluster_255381543_312412116_315215123_32902786,1,0.0,0.00014079549454417458
7,9,cluster_1402121584_2273191303_3734996876_4213981066,3,0.0,0.00014079549454417458
7,9,cluster_1457897145_1457897151_1457897234_1829205101_#2more,1,0.0,0.00014079549454417458
7,9,cluster_191015674_240636109,1,0.0,0.00014079549454417458
7,9,cluster_194318778_223860463,1,0.0,0.00014079549454417458
7,9,cluster_194370890_194370892_6383385990,2,0.0,0.00014079549454417458
7,9,cluster_236007627_236007629,1,0.0,0.00014079549454417458
7,9,cluster_2387345775_8660110932,1,0.0,0.00014079549454417458
7,9,joinedS_223673500_310986270_5005784727_9277804071,1,0.0,0.00014079549454417458
7,9,joinedS_cluster_192603469_255381549_3903527581_cluster_2385586901_255381611_32904045,1,0.0,0.00014079549454417458
8,10,1407769410,2,0.0,0.0
8,10,1407769424,2,0.0,0.0
8,10,311194425,2,0.0,0.0
8,10,GS_cluster_1150106029_1150106038_1150106046_179162926,1,0.0,0.0
8,10,GS_cluster_11610500593_186913340,2,0.0,0.0
8,10,GS_cluster_151014883_192048063_193875691_312411075,1,0.0,0.0
8,10,GS_cluster_178816046_533885875_946783180_946783246,1,0.0,0.0
8,10,GS_cluster_181310361_255157088_255157309_312307082,1,0.0,0.0
8,10,GS_cluster_1829205187_1830275193_412647220,2,0.0,0.0
8,10,GS_cluster_183575304_191009058,1,0.0,0.0
8,10,GS_cluster_192610447_2701087637_2701087639_312411627,2,0.0,0.0
8,10,GS_cluster_193896937_193901000_2526973953_956503884,1,0.0,0.0
8,10,GS_cluster_223768576_223768772_223769676,1,0.0,0.0
8,10,GS_cluster_2386406068_2386406069_310983598_32902785,1,0.0,0.0
8,10,GS_cluster_239676543_239676949_490541043_490541044,2,0.0,0.0
8,10,GS_cluster_243889728_255157093,2,0.0,0.0
8,10,GS_cluster_253816661_253816670,2,0.0,0.0
8,10,GS_cluster_253830876_253830877,1,0.0,0.0
8,10,GS_cluster_255381543_312412116_315215123_32902786,1,0.0,0.0
8,10,cluster_1402121584_2273191303_3734996876_4213981066,3,0.0,0.0
8,10,cluster_1457897145_1457897151_1457897234_1829205101_#2more,2,0.0,0.0
8,10,cluster_191015674_240636109,1,0.0,0.0
8,10,cluster_194318778_223860463,1,0.0,0.0
8,10,cluster_194370890_194370892_6383385990,2,0.0,0.0
8,10,cluster_236007627_236007629,1,0.0,0.0
8,10,cluster_2387345775_8660110932,1,0.0,0.0
8,10,joinedS_223673500_310986270_5005784727_9277804071,1,0.0,0.0
8,10,joinedS_cluster_192603469_255381549_3903527581_cluster_2385586901_255381611_32904045,1,0.0,0.0
9,11,1407769410,2,0.0,0.0
9,11,1407769424,2,0.0,0.0
9,11,311194425,2,0.0,0.0
9,11,GS_cluster_1150106029_1150106038_1150106046_179162926,1,0.0,0.0
9,11,GS_cluster_11610500593_186913340,2,0.0,0.0
9,11,GS_cluster_151014883_192048063_193875691_312411075,1,0.0,0.0
9,11,GS_cluster_178816046_533885875_946783180_946783246,1,0.0,0.0
9,11,GS_cluster_181310361_255157088_255157309_312307082,1,0.0,0.0
9,11,GS_cluster_1829205187_1830275193_412647220,2,0.0,0.0
9,11,GS_cluster_183575304_191009058,1,0.0,0.0
9,11,GS_cluster_192610447_2701087637_2701087639_312411627,2,0.0,0.0
9,11,GS_cluster_193896937_193901000_2526973953_956503884,1,0.0,0.0
9,11,GS_cluster_223768576_223768772_223769676,1,0.0,0.0
9,11,GS_cluster_2386406068_2386406069_310983598_32902785,1,0.0,0.0
9,11,GS_cluster_239676543_239676949_490541043_490541044,2,0.0,0.0
9,11,GS_cluster_243889728_255157093,2,0.0,0.0
9,11,GS_cluster_253816661_253816670,2,0.0,0.0
9,11,GS_cluster_253830876_253830877,1,0.0,0.0
9,11,GS_cluster_255381543_312412116_315215123_32902786,1,0.0,0.0
9,11,cluster_1402121584_2273191303_3734996876_4213981066,3,0.0,0.0
9,11,cluster_1457897145_1457897151_1457897234_1829205101_#2more,2,0.0,0.0
9,11,cluster_191015674_240636109,1,0.0,0.0
9,11,cluster_194318778_223860463,1,0.0,0.0
9,11,cluster_194370890_194370892_6383385990,2,0.0,0.0
9,11,cluster_236007627_236007629,1,0.0,0.0
9,11,cluster_2387345775_8660110932,1,0.0,0.0
9,11,joinedS_223673500_310986270_5005784727_9277804071,1,0.0,0.0
9,11,joinedS_cluster_192603469_255381549_3903527581_cluster_2385586901_255381611_32904045,1,0.0,0.0
10,13,1407769410,3,0.0,7.039774727208729e-05
10,13,1407769424,3,0.0,7.039774727208729e-05
10,13,311194425,2,0.0,7.039774727208729e-05
10,13,GS_cluster_1150106029_1150106038_1150106046_179162926,1,0.0,7.039774727208729e-05
10,13,GS_cluster_11610500593_186913340,3,0.0,7.039774727208729e-05
10,13,GS_cluster_151014883_192048063_193875691_312411075,1,0.0,7.039774727208729e-05
10,13,GS_cluster_178816046_533885875_946783180_946783246,1,0.0,7.039774727208729e-05
10,13,GS_cluster_181310361_255157088_255157309_312307082,1,0.0,7.039774727208729e-05
10,13,GS_cluster_1829205187_1830275193_412647220,2,0.0,7.039774727208729e-05
10,13,GS_cluster_183575304_191009058,1,0.0,7.039774727208729e-05
10,13,GS_cluster_192610447_2701087637_2701087639_312411627,2,0.0,7.039774727208729e-05
10,13,GS_cluster_193896937_193901000_2526973953_956503884,1,0.0,7.039774727208729e-05
10,13,GS_cluster_223768576_223768772_223769676,1,0.0,7.039774727208729e-05
10,13,GS_cluster_2386406068_2386406069_310983598_32902785,1,0.0,7.039774727208729e-05
10,13,GS_cluster_239676543_239676949_490541043_490541044,2,0.0,7.039774727208729e-05
10,13,GS_cluster_243889728_255157093,2,0.0,7.039774727208729e-05
10,13,GS_cluster_253816661_253816670,2,0.0,7.039774727208729e-05
10,13,GS_cluster_253830876_253830877,1,0.0,7.039774727208729e-05
10,13,GS_cluster_255381543_312412116_315215123_32902786,1,0.0,7.039774727208729e-05
10,13,cluster_1402121584_2273191303_3734996876_4213981066,3,0.0,7.039774727208729e-05
10,13,cluster_1457897145_1457897151_1457897234_1829205101_#2more,2,0.0,7.039774727208729e-05
10,13,cluster_191015674_240636109,1,0.0,7.039774727208729e-05
10,13,cluster_194318778_223860463,1,0.0,7.039774727208729e-05
10,13,cluster_194370890_194370892_6383385990,3,0.0,7.039774727208729e-05
10,13,cluster_236007627_236007629,1,0.0,7.039774727208729e-05
10,13,cluster_2387345775_8660110932,1,0.0,7.039774727208729e-05
10,13,joinedS_223673500_310986270_5005784727_9277804071,1,0.0,7.039774727208729e-05
10,13,joinedS_cluster_192603469_255381549_3903527581_cluster_2385586901_255381611_32904045,1,0.0,7.039774727208729e-05
11,14,1407769410,0,0.0,0.0
11,14,1407769424,4,0.0,0.0
11,14,311194425,3,0.0,0.0
11,14,GS_cluster_1150106029_1150106038_1150106046_179162926,2,0.0,0.0
11,14,GS_cluster_11610500593_186913340,0,0.0,0.0
11,14,GS_cluster_151014883_192048063_193875691_312411075,2,0.0,0.0
11,14,GS_cluster_178816046_533885875_946783180_946783246,2,0.0,0.0
11,14,GS_cluster_181310361_255157088_255157309_312307082,2,0.0,0.0
11,14,GS_cluster_1829205187_1830275193_412647220,3,0.0,0.0
11,14,GS_cluster_183575304_191009058,2,0.0,0.0
11,14,GS_cluster_192610447_2701087637_2701087639_312411627,3,0.0,0.0
11,14,GS_cluster_193896937_193901000_2526973953_956503884,2,0.0,0.0
11,14,GS_cluster_223768576_223768772_223769676,2,0.0,0.0
11,14,GS_cluster_2386406068_2386406069_310983598_32902785,2,0.0,0.0
11,14,GS_cluster_239676543_239676949_490541043_490541044,3,0.0,0.0
11,14,GS_cluster_243889728_255157093,3,0.0,0.0
11,14,GS_cluster_253816661_253816670,3,0.0,0.0
11,14,GS_cluster_253830876_253830877,2,0.0,0.0
11,14,GS_cluster_255381543_312412116_315215123_32902786,2,0.0,0.0
11,14,cluster_1402121584_2273191303_3734996876_4213981066,5,0.0,0.0
11,14,cluster_1457897145_1457897151_1457897234_1829205101_#2more,3,0.0,0.0
11,14,cluster_191015674_240636109,2,0.0,0.0
11,14,cluster_194318778_223860463,2,0.0,0.0
11,14,cluster_194370890_194370892_6383385990,4,0.0,0.0
11,14,cluster_236007627_236007629,2,0.0,0.0
11,14,cluster_2387345775_8660110932,2,0.0,0.0
11,14,joinedS_223673500_310986270_5005784727_9277804071,2,0.0,0.0
11,14,joinedS_cluster_192603469_255381549_3903527581_cluster_2385586901_255381611_32904045,2,0.0,0.0
12,15,1407769410,0,0.0,7.039774727208729e-05
12,15,1407769424,4,0.0,7.039774727208729e-05
12,15,311194425,3,0.0,7.039774727208729e-05
12,15,GS_cluster_1150106029_1150106038_1150106046_179162926,3,0.0,7.039774727208729e-05
12,15,GS_cluster_11610500593_186913340,0,0.0,7.039774727208729e-05
12,15,GS_cluster_151014883_192048063_193875691_312411075,3,0.0,7.039774727208729e-05
12,15,GS_cluster_178816046_533885875_946783180_946783246,3,0.0,7.039774727208729e-05
12,15,GS_cluster_181310361_255157088_255157309_312307082,3,0.0,7.039774727208729e-05
12,15,GS_cluster_1829205187_1830275193_412647220,3,0.0,7.039774727208729e-05
12,15,GS_cluster_183575304_191009058,3,0.0,7.039774727208729e-05
12,15,GS_cluster_192610447_2701087637_2701087639_312411627,3,0.0,7.039774727208729e-05
12,15,GS_cluster_193896937_193901000_2526973953_956503884,3,0.0,7.039774727208729e-05
12,15,GS_cluster_223768576_223768772_223769676,3,0.0,7.039774727208729e-05
12,15,GS_cluster_2386406068_2386406069_310983598_32902785,3,0.0,7.039774727208729e-05
12,15,GS_cluster_239676543_239676949_490541043_490541044,3,0.0,7.039774727208729e-05
12,15,GS_cluster_243889728_255157093,3,0.0,7.039774727208729e-05
12,15,GS_cluster_253816661_253816670,3,0.0,7.039774727208729e-05
12,15,GS_cluster_253830876_253830877,3,0.0,7.039774727208729e-05
12,15,GS_cluster_255381543_312412116_315215123_32902786,3,0.0,7.039774727208729e-05
12,15,cluster_1402121584_2273191303_3734996876_4213981066,5,0.0,7.039774727208729e-05
12,15,cluster_1457897145_1457897151_1457897234_1829205101_#2more,3,0.0,7.039774727208729e-05
12,15,cluster_191015674_240636109,3,0.0,7.039774727208729e-05
12,15,cluster_194318778_223860463,3,0.0,7.039774727208729e-05
12,15,cluster_194370890_194370892_6383385990,4,0.0,7.039774727208729e-05
12,15,cluster_236007627_236007629,3,0.0,7.039774727208729e-05
12,15,cluster_2387345775_8660110932,2,0.0,7.039774727208729e-05
12,15,joinedS_223673500_310986270_5005784727_9277804071,2,0.0,7.039774727208729e-05
12,15,joinedS_cluster_192603469_255381549_3903527581_cluster_2385586901_255381611_32904045,2,0.0,7.039774727208729e-05
13,17,1407769410,1,0.0,7.039774727208729e-05
13,17,1407769424,5,0.0,7.039774727208729e-05
13,17,311194425,3,0.0,7.039774727208729e-05
13,17,GS_cluster_1150106029_1150106038_1150106046_179162926,3,0.0,7.039774727208729e-05
13,17,GS_cluster_11610500593_186913340,1,0.0,7.039774727208729e-05
13,17,GS_cluster_151014883_192048063_193875691_312411075,3,0.0,7.039774727208729e-05
13,17,GS_cluster_178816046_533885875_946783180_946783246,3,0.0,7.039774727208729e-05
13,17,GS_cluster_181310361_255157088_255157309_312307082,3,0.0,7.039774727208729e-05
13,17,GS_cluster_1829205187_1830275193_412647220,3,0.0,7.039774727208729e-05
13,17,GS_cluster_183575304_191009058,3,0.0,7.039774727208729e-05
13,17,GS_cluster_192610447_2701087637_2701087639_312411627,3,0.0,7.039774727208729e-05
13,17,GS_cluster_193896937_193901000_2526973953_956503884,3,0.0,7.039774727208729e-05
13,17,GS_cluster_223768576_223768772_223769676,3,0.0,7.039774727208729e-05
13,17,GS_cluster_2386406068_2386406069_310983598_32902785,3,0.0,7.039774727208729e-05
13,17,GS_cluster_239676543_239676949_490541043_490541044,3,0.0,7.039774727208729e-05
13,17,GS_cluster_243889728_255157093,3,0.0,7.039774727208729e-05
13,17,GS_cluster_253816661_253816670,3,0.0,7.039774727208729e-05
13,17,GS_cluster_253830876_253830877,3,0.0,7.039774727208729e-05
13,17,GS_cluster_255381543_312412116_315215123_32902786,3,0.0,7.039774727208729e-05
13,17,cluster_1402121584_2273191303_3734996876_4213981066,6,0.0,7.039774727208729e-05
13,17,cluster_1457897145_1457897151_1457897234_1829205101_#2more,3,0.0,7.039774727208729e-05
13,17,cluster_191015674_240636109,3,0.0,7.039774727208729e-05
13,17,cluster_194318778_223860463,3,0.0,7.039774727208729e-05
13,17,cluster_194370890_194370892_6383385990,5,0.0,7.039774727208729e-05
13,17,cluster_236007627_236007629,3,0.0,7.039774727208729e-05
13,17,cluster_2387345775_8660110932,3,0.0,7.039774727208729e-05
13,17,joinedS_223673500_310986270_5005784727_9277804071,3,0.0,7.039774727208729e-05
13,17,joinedS_cluster_192603469_255381549_3903527581_cluster_2385586901_255381611_32904045,3,0.0,7.039774727208729e-05
14,18,1407769410,1,0.05555555555555555,0.00014079549454417458
14,18,1407769424,5,0.05555555555555555,0.00014079549454417458
14,18,311194425,3,0.05555555555555555,0.00014079549454417458
14,18,GS_cluster_1150106029_1150106038_1150106046_179162926,3,0.05555555555555555,0.00014079549454417458
14,18,GS_cluster_11610500593_186913340,1,0.05555555555555555,0.00014079549454417458
14,18,GS_cluster_151014883_192048063_193875691_312411075,3,0.05555555555555555,0.00014079549454417458
14,18,GS_cluster_178816046_533885875_946783180_946783246,3,0.05555555555555555,0.00014079549454417458
14,18,GS_cluster_181310361_255157088_255157309_312307082,3,0.05555555555555555,0.00014079549454417458
14,18,GS_cluster_1829205187_1830275193_412647220,3,0.05555555555555555,0.00014079549454417458
14,18,GS_cluster_183575304_191009058,3,0.05555555555555555,0.00014079549454417458
14,18,GS_cluster_192610447_2701087637_2701087639_312411627,3,0.05555555555555555,0.00014079549454417458
14,18,GS_cluster_193896937_193901000_2526973953_956503884,3,0.05555555555555555,0.00014079549454417458
14,18,GS_cluster_223768576_223768772_223769676,3,0.05555555555555555,0.00014079549454417458
14,18,GS_cluster_2386406068_2386406069_310983598_32902785,3,0.05555555555555555,0.00014079549454417458
14,18,GS_cluster_239676543_239676949_490541043_490541044,3,0.05555555555555555,0.00014079549454417458
14,18,GS_cluster_243889728_255157093,3,0.05555555555555555,0.00014079549454417458
14,18,GS_cluster_253816661_253816670,3,0.05555555555555555,0.00014079549454417458
14,18,GS_cluster_253830876_253830877,3,0.05555555555555555,0.00014079549454417458
14,18,GS_cluster_255381543_312412116_315215123_32902786,3,0.05555555555555555,0.00014079549454417458
14,18,cluster_1402121584_2273191303_3734996876_4213981066,6,0.05555555555555555,0.00014079549454417458
14,18,cluster_1457897145_1457897151_1457897234_1829205101_#2more,3,0.05555555555555555,0.00014079549454417458
14,18,cluster_191015674_240636109,3,0.05555555555555555,0.00014079549454417458
14,18,cluster_194318778_223860463,3,0.05555555555555555,0.00014079549454417458
14,18,cluster_194370890_194370892_6383385990,5,0.05555555555555555,0.00014079549454417458
14,18,cluster_236007627_236007629,3,0.05555555555555555,0.00014079549454417458
14,18,cluster_2387345775_8660110932,3,0.05555555555555555,0.00014079549454417458
14,18,joinedS_223673500_310986270_5005784727_9277804071,3,0.05555555555555555,0.00014079549454417458
14,18,joinedS_cluster_192603469_255381549_3903527581_cluster_2385586901_255381611_32904045,3,0.05555555555555555,0.00014079549454417458
15,19,1407769410,1,0.10526315789473684,0.00014079549454417458
15,19,1407769424,5,0.10526315789473684,0.00014079549454417458
15,19,311194425,3,0.10526315789473684,0.00014079549454417458
15,19,GS_cluster_1150106029_1150106038_1150106046_179162926,3,0.10526315789473684,0.00014079549454417458
15,19,GS_cluster_11610500593_186913340,1,0.10526315789473684,0.00014079549454417458
15,19,GS_cluster_151014883_192048063_193875691_312411075,3,0.10526315789473684,0.00014079549454417458
15,19,GS_cluster_178816046_533885875_946783180_946783246,3,0.10526315789473684,0.00014079549454417458
15,19,GS_cluster_181310361_255157088_255157309_312307082,3,0.10526315789473684,0.00014079549454417458
15,19,GS_cluster_1829205187_1830275193_412647220,3,0.10526315789473684,0.00014079549454417458
15,19,GS_cluster_183575304_191009058,3,0.10526315789473684,0.00014079549454417458
15,19,GS_cluster_192610447_2701087637_2701087639_312411627,3,0.10526315789473684,0.00014079549454417458
15,19,GS_cluster_193896937_193901000_2526973953_956503884,3,0.10526315789473684,0.00014079549454417458
15,19,GS_cluster_223768576_223768772_223769676,3,0.10526315789473684,0.00014079549454417458
15,19,GS_cluster_2386406068_2386406069_310983598_32902785,3,0.10526315789473684,0.00014079549454417458
15,19,GS_cluster_239676543_239676949_490541043_490541044,3,0.10526315789473684,0.00014079549454417458
15,19,GS_cluster_243889728_255157093,3,0.10526315789473684,0.00014079549454417458
15,19,GS_cluster_253816661_253816670,0,0.10526315789473684,0.00014079549454417458
15,19,GS_cluster_253830876_253830877,3,0.10526315789473684,0.00014079549454417458
15,19,GS_cluster_255381543_312412116_315215123_32902786,3,0.10526315789473684,0.00014079549454417458
15,19,cluster_1402121584_2273191303_3734996876_4213981066,6,0.10526315789473684,0.00014079549454417458
15,19,cluster_1457897145_1457897151_1457897234_1829205101_#2more,3,0.10526315789473684,0.00014079549454417458
15,19,cluster_191015674_240636109,3,0.10526315789473684,0.00014079549454417458
15,19,cluster_194318778_223860463,3,0.10526315789473684,0.00014079549454417458
15,19,cluster_194370890_194370892_6383385990,5,0.10526315789473684,0.00014079549454417458
15,19,cluster_236007627_236007629,3,0.10526315789473684,0.00014079549454417458
15,19,cluster_2387345775_8660110932,3,0.10526315789473684,0.00014079549454417458
15,19,joinedS_223673500_310986270_5005784727_9277804071,3,0.10526315789473684,0.00014079549454417458
15,19,joinedS_cluster_192603469_255381549_3903527581_cluster_2385586901_255381611_32904045,3,0.10526315789473684,0.00014079549454417458
16,21,1407769410,2,0.14285714285714285,0.00014079549454417458
16,21,1407769424,0,0.14285714285714285,0.00014079549454417458
16,21,311194425,0,0.14285714285714285,0.00014079549454417458
16,21,GS_cluster_1150106029_1150106038_1150106046_179162926,3,0.14285714285714285,0.00014079549454417458
16,21,GS_cluster_11610500593_186913340,2,0.14285714285714285,0.00014079549454417458
16,21,GS_cluster_151014883_192048063_193875691_312411075,3,0.14285714285714285,0.00014079549454417458
16,21,GS_cluster_178816046_533885875_946783180_946783246,3,0.14285714285714285,0.00014079549454417458
16,21,GS_cluster_181310361_255157088_255157309_312307082,3,0.14285714285714285,0.00014079549454417458
16,21,GS_cluster_1829205187_1830275193_412647220,4,0.14285714285714285,0.00014079549454417458
16,21,GS_cluster_183575304_191009058,3,0.14285714285714285,0.00014079549454417458
16,21,GS_cluster_192610447_2701087637_2701087639_312411627,4,0.14285714285714285,0.00014079549454417458
16,21,GS_cluster_193896937_193901000_2526973953_956503884,3,0.14285714285714285,0.00014079549454417458
16,21,GS_cluster_223768576_223768772_223769676,3,0.14285714285714285,0.00014079549454417458
16,21,GS_cluster_2386406068_2386406069_310983598_32902785,3,0.14285714285714285,0.00014079549454417458
16,21,GS_cluster_239676543_239676949_490541043_490541044,4,0.14285714285714285,0.00014079549454417458
16,21,GS_cluster_243889728_255157093,0,0.14285714285714285,0.00014079549454417458
16,21,GS_cluster_253816661_253816670,0,0.14285714285714285,0.00014079549454417458
16,21,GS_cluster_253830876_253830877,3,0.14285714285714285,0.00014079549454417458
16,21,GS_cluster_255381543_312412116_315215123_32902786,3,0.14285714285714285,0.00014079549454417458
16,21,cluster_1402121584_2273191303_3734996876_4213981066,6,0.14285714285714285,0.00014079549454417458
16,21,cluster_1457897145_1457897151_1457897234_1829205101_#2more,4,0.14285714285714285,0.00014079549454417458
16,21,cluster_191015674_240636109,3,0.14285714285714285,0.00014079549454417458
16,21,cluster_194318778_223860463,3,0.14285714285714285,0.00014079549454417458
16,21,cluster_194370890_194370892_6383385990,0,0.14285714285714285,0.00014079549454417458
16,21,cluster_236007627_236007629,3,0.14285714285714285,0.00014079549454417458
16,21,cluster_2387345775_8660110932,3,0.14285714285714285,0.00014079549454417458
16,21,joinedS_223673500_310986270_5005784727_9277804071,3,0.14285714285714285,0.00014079549454417458
16,21,joinedS_cluster_192603469_255381549_3903527581_cluster_2385586901_255381611_32904045,3,0.14285714285714285,0.00014079549454417458
17,22,1407769410,2,0.0,7.039774727208729e-05
17,22,1407769424,0,0.0,7.039774727208729e-05
17,22,311194425,0,0.0,7.039774727208729e-05
17,22,GS_cluster_1150106029_1150106038_1150106046_179162926,4,0.0,7.039774727208729e-05
17,22,GS_cluster_11610500593_186913340,2,0.0,7.039774727208729e-05
17,22,GS_cluster_151014883_192048063_193875691_312411075,4,0.0,7.039774727208729e-05
17,22,GS_cluster_178816046_533885875_946783180_946783246,4,0.0,7.039774727208729e-05
17,22,GS_cluster_181310361_255157088_255157309_312307082,4,0.0,7.039774727208729e-05
17,22,GS_cluster_1829205187_1830275193_412647220,4,0.0,7.039774727208729e-05
17,22,GS_cluster_183575304_191009058,4,0.0,7.039774727208729e-05
17,22,GS_cluster_192610447_2701087637_2701087639_312411627,4,0.0,7.039774727208729e-05
17,22,GS_cluster_193896937_193901000_2526973953_956503884,4,0.0,7.039774727208729e-05
17,22,GS_cluster_223768576_223768772_223769676,4,0.0,7.039774727208729e-05
17,22,GS_cluster_2386406068_2386406069_310983598_32902785,4,0.0,7.039774727208729e-05
17,22,GS_cluster_239676543_239676949_490541043_490541044,4,0.0,7.039774727208729e-05
17,22,GS_cluster_243889728_255157093,0,0.0,7.039774727208729e-05
17,22,GS_cluster_253816661_253816670,0,0.0,7.039774727208729e-05
17,22,GS_cluster_253830876_253830877,4,0.0,7.039774727208729e-05
17,22,GS_cluster_255381543_312412116_315215123_32902786,3,0.0,7.039774727208729e-05
17,22,cluster_1402121584_2273191303_3734996876_4213981066,6,0.0,7.039774727208729e-05
17,22,cluster_1457897145_1457897151_1457897234_1829205101_#2more,4,0.0,7.039774727208729e-05
17,22,cluster_191015674_240636109,4,0.0,7.039774727208729e-05
17,22,cluster_194318778_223860463,4,0.0,7.039774727208729e-05
17,22,cluster_194370890_194370892_6383385990,0,0.0,7.039774727208729e-05
17,22,cluster_236007627_236007629,4,0.0,7.039774727208729e-05
17,22,cluster_2387345775_8660110932,3,0.0,7.039774727208729e-05
17,22,joinedS_223673500_310986270_5005784727_9277804071,3,0.0,7.039774727208729e-05
17,22,joinedS_cluster_192603469_255381549_3903527581_cluster_2385586901_255381611_32904045,3,0.0,7.039774727208729e-05
18,23,1407769410,2,0.0,7.039774727208729e-05
18,23,1407769424,0,0.0,7.039774727208729e-05
18,23,311194425,0,0.0,7.039774727208729e-05
18,23,GS_cluster_1150106029_1150106038_1150106046_179162926,4,0.0,7.039774727208729e-05
18,23,GS_cluster_11610500593_186913340,2,0.0,7.039774727208729e-05
18,23,GS_cluster_151014883_192048063_193875691_312411075,4,0.0,7.039774727208729e-05
18,23,GS_cluster_178816046_533885875_946783180_946783246,4,0.0,7.039774727208729e-05
18,23,GS_cluster_181310361_255157088_255157309_312307082,4,0.0,7.039774727208729e-05
18,23,GS_cluster_1829205187_1830275193_412647220,4,0.0,7.039774727208729e-05
18,23,GS_cluster_183575304_191009058,4,0.0,7.039774727208729e-05
18,23,GS_cluster_192610447_2701087637_2701087639_312411627,4,0.0,7.039774727208729e-05
18,23,GS_cluster_193896937_193901000_2526973953_956503884,4,0.0,7.039774727208729e-05
18,23,GS_cluster_223768576_223768772_223769676,4,0.0,7.039774727208729e-05
18,23,GS_cluster_2386406068_2386406069_310983598_32902785,4,0.0,7.039774727208729e-05
18,23,GS_cluster_239676543_239676949_490541043_490541044,4,0.0,7.039774727208729e-05
18,23,GS_cluster_243889728_255157093,0,0.0,7.039774727208729e-05
18,23,GS_cluster_253816661_253816670,0,0.0,7.039774727208729e-05
18,23,GS_cluster_253830876_253830877,4,0.0,7.039774727208729e-05
18,23,GS_cluster_255381543_312412116_315215123_32902786,4,0.0,7.039774727208729e-05
18,23,cluster_1402121584_2273191303_3734996876_4213981066,7,0.0,7.039774727208729e-05
18,23,cluster_1457897145_1457897151_1457897234_1829205101_#2more,4,0.0,7.039774727208729e-05
18,23,cluster_191015674_240636109,4,0.0,7.039774727208729e-05
18,23,cluster_194318778_223860463,4,0.0,7.039774727208729e-05
18,23,cluster_194370890_194370892_6383385990,0,0.0,7.039774727208729e-05
18,23,cluster_236007627_236007629,4,0.0,7.039774727208729e-05
18,23,cluster_2387345775_8660110932,3,0.0,7.039774727208729e-05
18,23,joinedS_223673500_310986270_5005784727_9277804071,3,0.0,7.039774727208729e-05
18,23,joinedS_cluster_192603469_255381549_3903527581_cluster_2385586901_255381611_32904045,3,0.0,7.039774727208729e-05
19,25,1407769410,2,0.0,7.039774727208729e-05
19,25,1407769424,0,0.0,7.039774727208729e-05
19,25,311194425,0,0.0,7.039774727208729e-05
19,25,GS_cluster_1150106029_1150106038_1150106046_179162926,4,0.0,7.039774727208729e-05
19,25,GS_cluster_11610500593_186913340,2,0.0,7.039774727208729e-05
19,25,GS_cluster_151014883_192048063_193875691_312411075,4,0.0,7.039774727208729e-05
19,25,GS_cluster_178816046_533885875_946783180_946783246,4,0.0,7.039774727208729e-05
19,25,GS_cluster_181310361_255157088_255157309_312307082,4,0.0,7.039774727208729e-05
19,25,GS_cluster_1829205187_1830275193_412647220,4,0.0,7.039774727208729e-05
19,25,GS_cluster_183575304_191009058,4,0.0,7.039774727208729e-05
19,25,GS_cluster_192610447_2701087637_2701087639_312411627,4,0.0,7.039774727208729e-05
19,25,GS_cluster_193896937_193901000_2526973953_956503884,4,0.0,7.039774727208729e-05
19,25,GS_cluster_223768576_223768772_223769676,4,0.0,7.039774727208729e-05
19,25,GS_cluster_2386406068_2386406069_310983598_32902785,4,0.0,7.039774727208729e-05
19,25,GS_cluster_239676543_239676949_490541043_490541044,4,0.0,7.039774727208729e-05
19,25,GS_cluster_243889728_255157093,0,0.0,7.039774727208729e-05
19,25,GS_cluster_253816661_253816670,0,0.0,7.039774727208729e-05
19,25,GS_cluster_253830876_253830877,4,0.0,7.039774727208729e-05
19,25,GS_cluster_255381543_312412116_315215123_32902786,4,0.0,7.039774727208729e-05
19,25,cluster_1402121584_2273191303_3734996876_4213981066,7,0.0,7.039774727208729e-05
19,25,cluster_1457897145_1457897151_1457897234_1829205101_#2more,4,0.0,7.039774727208729e-05
19,25,cluster_191015674_240636109,4,0.0,7.039774727208729e-05
19,25,cluster_194318778_223860463,4,0.0,7.039774727208729e-05
19,25,cluster_194370890_194370892_6383385990,0,0.0,7.039774727208729e-05
19,25,cluster_236007627_236007629,4,0.0,7.039774727208729e-05
19,25,cluster_2387345775_8660110932,0,0.0,7.039774727208729e-05
19,25,joinedS_223673500_310986270_5005784727_9277804071,4,0.0,7.039774727208729e-05
19,25,joinedS_cluster_192603469_255381549_3903527581_cluster_2385586901_255381611_32904045,4,0.0,7.039774727208729e-05
20,26,1407769410,2,0.0,0.0
20,26,1407769424,0,0.0,0.0
20,26,311194425,0,0.0,0.0
20,26,GS_cluster_1150106029_1150106038_1150106046_179162926,4,0.0,0.0
20,26,GS_cluster_11610500593_186913340,2,0.0,0.0
20,26,GS_cluster_151014883_192048063_193875691_312411075,4,0.0,0.0
20,26,GS_cluster_178816046_533885875_946783180_946783246,4,0.0,0.0
20,26,GS_cluster_181310361_255157088_255157309_312307082,4,0.0,0.0
20,26,GS_cluster_1829205187_1830275193_412647220,4,0.0,0.0
20,26,GS_cluster_183575304_191009058,4,0.0,0.0
20,26,GS_cluster_192610447_2701087637_2701087639_312411627,4,0.0,0.0
20,26,GS_cluster_193896937_193901000_2526973953_956503884,4,0.0,0.0
20,26,GS_cluster_223768576_223768772_223769676,4,0.0,0.0
20,26,GS_cluster_2386406068_2386406069_310983598_32902785,4,0.0,0.0
20,26,GS_cluster_239676543_239676949_490541043_490541044,4,0.0,0.0
20,26,GS_cluster_243889728_255157093,0,0.0,0.0
20,26,GS_cluster_253816661_253816670,1,0.0,0.0
20,26,GS_cluster_253830876_253830877,4,0.0,0.0
20,26,GS_cluster_255381543_312412116_315215123_32902786,4,0.0,0.0
20,26,cluster_1402121584_2273191303_3734996876_4213981066,7,0.0,0.0
20,26,cluster_1457897145_1457897151_1457897234_1829205101_#2more,4,0.0,0.0
20,26,cluster_191015674_240636109,4,0.0,0.0
20,26,cluster_194318778_223860463,4,0.0,0.0
20,26,cluster_194370890_194370892_6383385990,0,0.0,0.0
20,26,cluster_236007627_236007629,4,0.0,0.0
20,26,cluster_2387345775_8660110932,0,0.0,0.0
20,26,joinedS_223673500_310986270_5005784727_9277804071,4,0.0,0.0
20,26,joinedS_cluster_192603469_255381549_3903527581_cluster_2385586901_255381611_32904045,4,0.0,0.0
21,27,1407769410,0,0.0,7.039774727208729e-05
21,27,1407769424,2,0.0,7.039774727208729e-05
21,27,311194425,1,0.0,7.039774727208729e-05
21,27,GS_cluster_1150106029_1150106038_1150106046_179162926,5,0.0,7.039774727208729e-05
21,27,GS_cluster_11610500593_186913340,0,0.0,7.039774727208729e-05
21,27,GS_cluster_151014883_192048063_193875691_312411075,5,0.0,7.039774727208729e-05
21,27,GS_cluster_178816046_533885875_946783180_946783246,5,0.0,7.039774727208729e-05
21,27,GS_cluster_181310361_255157088_255157309_312307082,5,0.0,7.039774727208729e-05
21,27,GS_cluster_1829205187_1830275193_412647220,0,0.0,7.039774727208729e-05
21,27,GS_cluster_183575304_191009058,5,0.0,7.039774727208729e-05
21,27,GS_cluster_192610447_2701087637_2701087639_312411627,5,0.0,7.039774727208729e-05
21,27,GS_cluster_193896937_193901000_2526973953_956503884,5,0.0,7.039774727208729e-05
21,27,GS_cluster_223768576_223768772_223769676,5,0.0,7.039774727208729e-05
21,27,GS_cluster_2386406068_2386406069_310983598_32902785,5,0.0,7.039774727208729e-05
21,27,GS_cluster_239676543_239676949_490541043_490541044,5,0.0,7.039774727208729e-05
21,27,GS_cluster_243889728_255157093,1,0.0,7.039774727208729e-05
21,27,GS_cluster_253816661_253816670,2,0.0,7.039774727208729e-05
21,27,GS_cluster_253830876_253830877,5,0.0,7.039774727208729e-05
21,27,GS_cluster_255381543_312412116_315215123_32902786,5,0.0,7.039774727208729e-05
21,27,cluster_1402121584_2273191303_3734996876_4213981066,0,0.0,7.039774727208729e-05
21,27,cluster_1457897145_1457897151_1457897234_1829205101_#2more,0,0.0,7.039774727208729e-05
21,27,cluster_191015674_240636109,5,0.0,7.039774727208729e-05
21,27,cluster_194318778_223860463,5,0.0,7.039774727208729e-05
21,27,cluster_194370890_194370892_6383385990,2,0.0,7.039774727208729e-05
21,27,cluster_236007627_236007629,5,0.0,7.039774727208729e-05
21,27,cluster_2387345775_8660110932,1,0.0,7.039774727208729e-05
21,27,joinedS_223673500_310986270_5005784727_9277804071,5,0.0,7.039774727208729e-05
21,27,joinedS_cluster_192603469_255381549_3903527581_cluster_2385586901_255381611_32904045,5,0.0,7.039774727208729e-05
22,29,1407769410,0,0.034482758620689655,7.039774727208729e-05
22,29,1407769424,2,0.034482758620689655,7.039774727208729e-05
22,29,311194425,1,0.034482758620689655,7.039774727208729e-05
22,29,GS_cluster_1150106029_1150106038_1150106046_179162926,0,0.034482758620689655,7.039774727208729e-05
22,29,GS_cluster_11610500593_186913340,0,0.034482758620689655,7.039774727208729e-05
22,29,GS_cluster_151014883_192048063_193875691_312411075,5,0.034482758620689655,7.039774727208729e-05
22,29,GS_cluster_178816046_533885875_946783180_946783246,6,0.034482758620689655,7.039774727208729e-05
22,29,GS_cluster_181310361_255157088_255157309_312307082,5,0.034482758620689655,7.039774727208729e-05
22,29,GS_cluster_1829205187_1830275193_412647220,0,0.034482758620689655,7.039774727208729e-05
22,29,GS_cluster_183575304_191009058,0,0.034482758620689655,7.039774727208729e-05
22,29,GS_cluster_192610447_2701087637_2701087639_312411627,5,0.034482758620689655,7.039774727208729e-05
22,29,GS_cluster_193896937_193901000_2526973953_956503884,6,0.034482758620689655,7.039774727208729e-05
22,29,GS_cluster_223768576_223768772_223769676,6,0.034482758620689655,7.039774727208729e-05
22,29,GS_cluster_2386406068_2386406069_310983598_32902785,5,0.034482758620689655,7.039774727208729e-05
22,29,GS_cluster_239676543_239676949_490541043_490541044,5,0.034482758620689655,7.039774727208729e-05
22,29,GS_cluster_243889728_255157093,1,0.034482758620689655,7.039774727208729e-05
22,29,GS_cluster_253816661_253816670,2,0.034482758620689655,7.039774727208729e-05
22,29,GS_cluster_253830876_253830877,0,0.034482758620689655,7.039774727208729e-05
22,29,GS_cluster_255381543_312412116_315215123_32902786,5,0.034482758620689655,7.039774727208729e-05
22,29,cluster_1402121584_2273191303_3734996876_4213981066,0,0.034482758620689655,7.039774727208729e-05
22,29,cluster_1457897145_1457897151_1457897234_1829205101_#2more,0,0.034482758620689655,7.039774727208729e-05
22,29,cluster_191015674_240636109,6,0.034482758620689655,7.039774727208729e-05
22,29,cluster_194318778_223860463,5,0.034482758620689655,7.039774727208729e-05
22,29,cluster_194370890_194370892_6383385990,2,0.034482758620689655,7.039774727208729e-05
22,29,cluster_236007627_236007629,0,0.034482758620689655,7.039774727208729e-05
22,29,cluster_2387345775_8660110932,1,0.034482758620689655,7.039774727208729e-05
22,29,joinedS_223673500_310986270_5005784727_9277804071,5,0.034482758620689655,7.039774727208729e-05
22,29,joinedS_cluster_192603469_255381549_3903527581_cluster_2385586901_255381611_32904045,5,0.034482758620689655,7.039774727208729e-05
23,30,1407769410,0,0.06666666666666667,7.039774727208729e-05
23,30,1407769424,2,0.06666666666666667,7.039774727208729e-05
23,30,311194425,1,0.06666666666666667,7.039774727208729e-05
23,30,GS_cluster_1150106029_1150106038_1150106046_179162926,0,0.06666666666666667,7.039774727208729e-05
23,30,GS_cluster_11610500593_186913340,0,0.06666666666666667,7.039774727208729e-05
23,30,GS_cluster_151014883_192048063_193875691_312411075,5,0.06666666666666667,7.039774727208729e-05
23,30,GS_cluster_178816046_533885875_946783180_946783246,6,0.06666666666666667,7.039774727208729e-05
23,30,GS_cluster_181310361_255157088_255157309_312307082,5,0.06666666666666667,7.039774727208729e-05
23,30,GS_cluster_1829205187_1830275193_412647220,0,0.06666666666666667,7.039774727208729e-05
23,30,GS_cluster_183575304_191009058,0,0.06666666666666667,7.039774727208729e-05
23,30,GS_cluster_192610447_2701087637_2701087639_312411627,5,0.06666666666666667,7.039774727208729e-05
23,30,GS_cluster_193896937_193901000_2526973953_956503884,6,0.06666666666666667,7.039774727208729e-05
23,30,GS_cluster_223768576_223768772_223769676,6,0.06666666666666667,7.039774727208729e-05
23,30,GS_cluster_2386406068_2386406069_310983598_32902785,5,0.06666666666666667,7.039774727208729e-05
23,30,GS_cluster_239676543_239676949_490541043_490541044,5,0.06666666666666667,7.039774727208729e-05
23,30,GS_cluster_243889728_255157093,1,0.06666666666666667,7.039774727208729e-05
23,30,GS_cluster_253816661_253816670,2,0.06666666666666667,7.039774727208729e-05
23,30,GS_cluster_253830876_253830877,0,0.06666666666666667,7.039774727208729e-05
23,30,GS_cluster_255381543_312412116_315215123_32902786,5,0.06666666666666667,7.039774727208729e-05
23,30,cluster_1402121584_2273191303_3734996876_4213981066,0,0.06666666666666667,7.039774727208729e-05
23,30,cluster_1457897145_1457897151_1457897234_1829205101_#2more,0,0.06666666666666667,7.039774727208729e-05
23,30,cluster_191015674_240636109,6,0.06666666666666667,7.039774727208729e-05
23,30,cluster_194318778_223860463,5,0.06666666666666667,7.039774727208729e-05
23,30,cluster_194370890_194370892_6383385990,2,0.06666666666666667,7.039774727208729e-05
23,30,cluster_236007627_236007629,0,0.06666666666666667,7.039774727208729e-05
23,30,cluster_2387345775_8660110932,1,0.06666666666666667,7.039774727208729e-05
23,30,joinedS_223673500_310986270_5005784727_9277804071,5,0.06666666666666667,7.039774727208729e-05
23,30,joinedS_cluster_192603469_255381549_3903527581_cluster_2385586901_255381611_32904045,5,0.06666666666666667,7.039774727208729e-05
24,31,1407769410,0,0.0967741935483871,7.039774727208729e-05
24,31,1407769424,2,0.0967741935483871,7.039774727208729e-05
24,31,311194425,2,0.0967741935483871,7.039774727208729e-05
24,31,GS_cluster_1150106029_1150106038_1150106046_179162926,0,0.0967741935483871,7.039774727208729e-05
24,31,GS_cluster_11610500593_186913340,0,0.0967741935483871,7.039774727208729e-05
24,31,GS_cluster_151014883_192048063_193875691_312411075,5,0.0967741935483871,7.039774727208729e-05
24,31,GS_cluster_178816046_533885875_946783180_946783246,6,0.0967741935483871,7.039774727208729e-05
24,31,GS_cluster_181310361_255157088_255157309_312307082,5,0.0967741935483871,7.039774727208729e-05
24,31,GS_cluster_1829205187_1830275193_412647220,0,0.0967741935483871,7.039774727208729e-05
24,31,GS_cluster_183575304_191009058,0,0.0967741935483871,7.039774727208729e-05
24,31,GS_cluster_192610447_2701087637_2701087639_312411627,5,0.0967741935483871,7.039774727208729e-05
24,31,GS_cluster_193896937_193901000_2526973953_956503884,6,0.0967741935483871,7.039774727208729e-05
24,31,GS_cluster_223768576_223768772_223769676,6,0.0967741935483871,7.039774727208729e-05
24,31,GS_cluster_2386406068_2386406069_310983598_32902785,5,0.0967741935483871,7.039774727208729e-05
24,31,GS_cluster_239676543_239676949_490541043_490541044,6,0.0967741935483871,7.039774727208729e-05
24,31,GS_cluster_243889728_255157093,2,0.0967741935483871,7.039774727208729e-05
24,31,GS_cluster_253816661_253816670,2,0.0967741935483871,7.039774727208729e-05
24,31,GS_cluster_253830876_253830877,0,0.0967741935483871,7.039774727208729e-05
24,31,GS_cluster_255381543_312412116_315215123_32902786,5,0.0967741935483871,7.039774727208729e-05
24,31,cluster_1402121584_2273191303_3734996876_4213981066,0,0.0967741935483871,7.039774727208729e-05
24,31,cluster_1457897145_1457897151_1457897234_1829205101_#2more,0,0.0967741935483871,7.039774727208729e-05
24,31,cluster_191015674_240636109,6,0.0967741935483871,7.039774727208729e-05
24,31,cluster_194318778_223860463,5,0.0967741935483871,7.039774727208729e-05
24,31,cluster_194370890_194370892_6383385990,2,0.0967741935483871,7.039774727208729e-05
24,31,cluster_236007627_236007629,0,0.0967741935483871,7.039774727208729e-05
24,31,cluster_2387345775_8660110932,1,0.0967741935483871,7.039774727208729e-05
24,31,joinedS_223673500_310986270_5005784727_9277804071,5,0.0967741935483871,7.039774727208729e-05
24,31,joinedS_cluster_192603469_255381549_3903527581_cluster_2385586901_255381611_32904045,5,0.0967741935483871,7.039774727208729e-05
25,33,1407769410,0,0.15151515151515152,0.00028159098908834917
25,33,1407769424,2,0.15151515151515152,0.00028159098908834917
25,33,311194425,2,0.15151515151515152,0.00028159098908834917
25,33,GS_cluster_1150106029_1150106038_1150106046_179162926,0,0.15151515151515152,0.00028159098908834917
25,33,GS_cluster_11610500593_186913340,0,0.15151515151515152,0.00028159098908834917
25,33,GS_cluster_151014883_192048063_193875691_312411075,5,0.15151515151515152,0.00028159098908834917
25,33,GS_cluster_178816046_533885875_946783180_946783246,6,0.15151515151515152,0.00028159098908834917
25,33,GS_cluster_181310361_255157088_255157309_312307082,6,0.15151515151515152,0.00028159098908834917
25,33,GS_cluster_1829205187_1830275193_412647220,0,0.15151515151515152,0.00028159098908834917
25,33,GS_cluster_183575304_191009058,0,0.15151515151515152,0.00028159098908834917
25,33,GS_cluster_192610447_2701087637_2701087639_312411627,5,0.15151515151515152,0.00028159098908834917
25,33,GS_cluster_193896937_193901000_2526973953_956503884,6,0.15151515151515152,0.00028159098908834917
25,33,GS_cluster_223768576_223768772_223769676,6,0.15151515151515152,0.00028159098908834917
25,33,GS_cluster_2386406068_2386406069_310983598_32902785,6,0.15151515151515152,0.00028159098908834917
25,33,GS_cluster_239676543_239676949_490541043_490541044,6,0.15151515151515152,0.00028159098908834917
25,33,GS_cluster_243889728_255157093,2,0.15151515151515152,0.00028159098908834917
25,33,GS_cluster_253816661_253816670,3,0.15151515151515152,0.00028159098908834917
25,33,GS_cluster_253830876_253830877,0,0.15151515151515152,0.00028159098908834917
25,33,GS_cluster_255381543_312412116_315215123_32902786,5,0.15151515151515152,0.00028159098908834917
25,33,cluster_1402121584_2273191303_3734996876_4213981066,0,0.15151515151515152,0.00028159098908834917
25,33,cluster_1457897145_1457897151_1457897234_1829205101_#2more,0,0.15151515151515152,0.00028159098908834917
25,33,cluster_191015674_240636109,6,0.15151515151515152,0.00028159098908834917
25,33,cluster_194318778_223860463,6,0.15151515151515152,0.00028159098908834917
25,33,cluster_194370890_194370892_6383385990,2,0.15151515151515152,0.00028159098908834917
25,33,cluster_236007627_236007629,0,0.15151515151515152,0.00028159098908834917
25,33,cluster_2387345775_8660110932,1,0.15151515151515152,0.00028159098908834917
25,33,joinedS_223673500_310986270_5005784727_9277804071,5,0.15151515151515152,0.00028159098908834917
25,33,joinedS_cluster_192603469_255381549_3903527581_cluster_2385586901_255381611_32904045,5,0.15151515151515152,0.00028159098908834917
26,34,1407769410,1,0.058823529411764705,7.039774727208729e-05
26,34,1407769424,3,0.058823529411764705,7.039774727208729e-05
26,34,311194425,2,0.058823529411764705,7.039774727208729e-05
26,34,GS_cluster_1150106029_1150106038_1150106046_179162926,0,0.058823529411764705,7.039774727208729e-05
26,34,GS_cluster_11610500593_186913340,1,0.058823529411764705,7.039774727208729e-05
26,34,GS_cluster_151014883_192048063_193875691_312411075,5,0.058823529411764705,7.039774727208729e-05
26,34,GS_cluster_178816046_533885875_946783180_946783246,6,0.058823529411764705,7.039774727208729e-05
26,34,GS_cluster_181310361_255157088_255157309_312307082,6,0.058823529411764705,7.039774727208729e-05
26,34,GS_cluster_1829205187_1830275193_412647220,0,0.058823529411764705,7.039774727208729e-05
26,34,GS_cluster_183575304_191009058,0,0.058823529411764705,7.039774727208729e-05
26,34,GS_cluster_192610447_2701087637_2701087639_312411627,0,0.058823529411764705,7.039774727208729e-05
26,34,GS_cluster_193896937_193901000_2526973953_956503884,6,0.058823529411764705,7.039774727208729e-05
26,34,GS_cluster_223768576_223768772_223769676,6,0.058823529411764705,7.039774727208729e-05
26,34,GS_cluster_2386406068_2386406069_310983598_32902785,6,0.058823529411764705,7.039774727208729e-05
26,34,GS_cluster_239676543_239676949_490541043_490541044,6,0.058823529411764705,7.039774727208729e-05
26,34,GS_cluster_243889728_255157093,2,0.058823529411764705,7.039774727208729e-05
26,34,GS_cluster_253816661_253816670,3,0.058823529411764705,7.039774727208729e-05
26,34,GS_cluster_253830876_253830877,0,0.058823529411764705,7.039774727208729e-05
26,34,GS_cluster_255381543_312412116_315215123_32902786,5,0.058823529411764705,7.039774727208729e-05
26,34,cluster_1402121584_2273191303_3734996876_4213981066,1,0.058823529411764705,7.039774727208729e-05
26,34,cluster_1457897145_1457897151_1457897234_1829205101_#2more,0,0.058823529411764705,7.039774727208729e-05
26,34,cluster_191015674_240636109,6,0.058823529411764705,7.039774727208729e-05
26,34,cluster_194318778_223860463,6,0.058823529411764705,7.039774727208729e-05
26,34,cluster_194370890_194370892_6383385990,3,0.058823529411764705,7.039774727208729e-05
26,34,cluster_236007627_236007629,0,0.058823529411764705,7.039774727208729e-05
26,34,cluster_2387345775_8660110932,1,0.058823529411764705,7.039774727208729e-05
26,34,joinedS_223673500_310986270_5005784727_9277804071,5,0.058823529411764705,7.039774727208729e-05
26,34,joinedS_cluster_192603469_255381549_3903527581_cluster_2385586901_255381611_32904045,5,0.058823529411764705,7.039774727208729e-05
27,35,1407769410,1,0.08571428571428572,0.00014079549454417458
27,35,1407769424,3,0.08571428571428572,0.00014079549454417458
27,35,311194425,2,0.08571428571428572,0.00014079549454417458
27,35,GS_cluster_1150106029_1150106038_1150106046_179162926,0,0.08571428571428572,0.00014079549454417458
27,35,GS_cluster_11610500593_186913340,1,0.08571428571428572,0.00014079549454417458
27,35,GS_cluster_151014883_192048063_193875691_312411075,5,0.08571428571428572,0.00014079549454417458
27,35,GS_cluster_178816046_533885875_946783180_946783246,7,0.08571428571428572,0.00014079549454417458
27,35,GS_cluster_181310361_255157088_255157309_312307082,6,0.08571428571428572,0.00014079549454417458
27,35,GS_cluster_1829205187_1830275193_412647220,0,0.08571428571428572,0.00014079549454417458
27,35,GS_cluster_183575304_191009058,0,0.08571428571428572,0.00014079549454417458
27,35,GS_cluster_192610447_2701087637_2701087639_312411627,0,0.08571428571428572,0.00014079549454417458
27,35,GS_cluster_193896937_193901000_2526973953_956503884,7,0.08571428571428572,0.00014079549454417458
27,35,GS_cluster_223768576_223768772_223769676,7,0.08571428571428572,0.00014079549454417458
27,35,GS_cluster_2386406068_2386406069_310983598_32902785,6,0.08571428571428572,0.00014079549454417458
27,35,GS_cluster_239676543_239676949_490541043_490541044,6,0.08571428571428572,0.00014079549454417458
27,35,GS_cluster_243889728_255157093,2,0.08571428571428572,0.00014079549454417458
27,35,GS_cluster_253816661_253816670,3,0.08571428571428572,0.00014079549454417458
27,35,GS_cluster_253830876_253830877,0,0.08571428571428572,0.00014079549454417458
27,35,GS_cluster_255381543_312412116_315215123_32902786,5,0.08571428571428572,0.00014079549454417458
27,35,cluster_1402121584_2273191303_3734996876_4213981066,1,0.08571428571428572,0.00014079549454417458
27,35,cluster_1457897145_1457897151_1457897234_1829205101_#2more,0,0.08571428571428572,0.00014079549454417458
27,35,cluster_191015674_240636109,7,0.08571428571428572,0.00014079549454417458
27,35,cluster_194318778_223860463,6,0.08571428571428572,0.00014079549454417458
27,35,cluster_194370890_194370892_6383385990,3,0.08571428571428572,0.00014079549454417458
27,35,cluster_236007627_236007629,0,0.08571428571428572,0.00014079549454417458
27,35,cluster_2387345775_8660110932,1,0.08571428571428572,0.00014079549454417458
27,35,joinedS_223673500_310986270_5005784727_9277804071,5,0.08571428571428572,0.00014079549454417458
27,35,joinedS_cluster_192603469_255381549_3903527581_cluster_2385586901_255381611_32904045,5,0.08571428571428572,0.00014079549454417458
28,37,1407769410,1,0.10810810810810811,0.00014079549454417458
28,37,1407769424,3,0.10810810810810811,0.00014079549454417458
28,37,311194425,2,0.10810810810810811,0.00014079549454417458
28,37,GS_cluster_1150106029_1150106038_1150106046_179162926,0,0.10810810810810811,0.00014079549454417458
28,37,GS_cluster_11610500593_186913340,1,0.10810810810810811,0.00014079549454417458
28,37,GS_cluster_151014883_192048063_193875691_312411075,5,0.10810810810810811,0.00014079549454417458
28,37,GS_cluster_178816046_533885875_946783180_946783246,7,0.10810810810810811,0.00014079549454417458
28,37,GS_cluster_181310361_255157088_255157309_312307082,6,0.10810810810810811,0.00014079549454417458
28,37,GS_cluster_1829205187_1830275193_412647220,0,0.10810810810810811,0.00014079549454417458
28,37,GS_cluster_183575304_191009058,0,0.10810810810810811,0.00014079549454417458
28,37,GS_cluster_192610447_2701087637_2701087639_312411627,0,0.10810810810810811,0.00014079549454417458
28,37,GS_cluster_193896937_193901000_2526973953_956503884,7,0.10810810810810811,0.00014079549454417458
28,37,GS_cluster_223768576_223768772_223769676,7,0.10810810810810811,0.00014079549454417458
28,37,GS_cluster_2386406068_2386406069_310983598_32902785,6,0.10810810810810811,0.00014079549454417458
28,37,GS_cluster_239676543_239676949_490541043_490541044,6,0.10810810810810811,0.00014079549454417458
28,37,GS_cluster_243889728_255157093,2,0.10810810810810811,0.00014079549454417458
28,37,GS_cluster_253816661_253816670,3,0.10810810810810811,0.00014079549454417458
28,37,GS_cluster_253830876_253830877,0,0.10810810810810811,0.00014079549454417458
28,37,GS_cluster_255381543_312412116_315215123_32902786,5,0.10810810810810811,0.00014079549454417458
28,37,cluster_1402121584_2273191303_3734996876_4213981066,1,0.10810810810810811,0.00014079549454417458
28,37,cluster_1457897145_1457897151_1457897234_1829205101_#2more,0,0.10810810810810811,0.00014079549454417458
28,37,cluster_191015674_240636109,7,0.10810810810810811,0.00014079549454417458
28,37,cluster_194318778_223860463,6,0.10810810810810811,0.00014079549454417458
28,37,cluster_194370890_194370892_6383385990,3,0.10810810810810811,0.00014079549454417458
28,37,cluster_236007627_236007629,0,0.10810810810810811,0.00014079549454417458
28,37,cluster_2387345775_8660110932,1,0.10810810810810811,0.00014079549454417458
28,37,joinedS_223673500_310986270_5005784727_9277804071,5,0.10810810810810811,0.00014079549454417458
28,37,joinedS_cluster_192603469_255381549_3903527581_cluster_2385586901_255381611_32904045,5,0.10810810810810811,0.00014079549454417458
29,38,1407769410,2,0.13157894736842105,0.00014079549454417458
29,38,1407769424,4,0.13157894736842105,0.00014079549454417458
29,38,311194425,2,0.13157894736842105,0.00014079549454417458
29,38,GS_cluster_1150106029_1150106038_1150106046_179162926,0,0.13157894736842105,0.00014079549454417458
29,38,GS_cluster_11610500593_186913340,2,0.13157894736842105,0.00014079549454417458
29,38,GS_cluster_151014883_192048063_193875691_312411075,6,0.13157894736842105,0.00014079549454417458
29,38,GS_cluster_178816046_533885875_946783180_946783246,7,0.13157894736842105,0.00014079549454417458
29,38,GS_cluster_181310361_255157088_255157309_312307082,6,0.13157894736842105,0.00014079549454417458
29,38,GS_cluster_1829205187_1830275193_412647220,1,0.13157894736842105,0.00014079549454417458
29,38,GS_cluster_183575304_191009058,0,0.13157894736842105,0.00014079549454417458
29,38,GS_cluster_192610447_2701087637_2701087639_312411627,0,0.13157894736842105,0.00014079549454417458
29,38,GS_cluster_193896937_193901000_2526973953_956503884,7,0.13157894736842105,0.00014079549454417458
29,38,GS_cluster_223768576_223768772_223769676,7,0.13157894736842105,0.00014079549454417458
29,38,GS_cluster_2386406068_2386406069_310983598_32902785,6,0.13157894736842105,0.00014079549454417458
29,38,GS_cluster_239676543_239676949_490541043_490541044,6,0.13157894736842105,0.00014079549454417458
29,38,GS_cluster_243889728_255157093,2,0.13157894736842105,0.00014079549454417458
29,38,GS_cluster_253816661_253816670,3,0.13157894736842105,0.00014079549454417458
29,38,GS_cluster_253830876_253830877,0,0.13157894736842105,0.00014079549454417458
29,38,GS_cluster_255381543_312412116_315215123_32902786,5,0.13157894736842105,0.00014079549454417458
29,38,cluster_1402121584_2273191303_3734996876_4213981066,2,0.13157894736842105,0.00014079549454417458
29,38,cluster_1457897145_1457897151_1457897234_1829205101_#2more,1,0.13157894736842105,0.00014079549454417458
29,38,cluster_191015674_240636109,7,0.13157894736842105,0.00014079549454417458
29,38,cluster_194318778_223860463,6,0.13157894736842105,0.00014079549454417458
29,38,cluster_194370890_194370892_6383385990,4,0.13157894736842105,0.00014079549454417458
29,38,cluster_236007627_236007629,0,0.13157894736842105,0.00014079549454417458
29,38,cluster_2387345775_8660110932,1,0.13157894736842105,0.00014079549454417458
29,38,joinedS_223673500_310986270_5005784727_9277804071,5,0.13157894736842105,0.00014079549454417458
29,38,joinedS_cluster_192603469_255381549_3903527581_cluster_2385586901_255381611_32904045,5,0.13157894736842105,0.00014079549454417458
30,39,1407769410,2,0.15384615384615385,0.00014079549454417458
30,39,1407769424,4,0.15384615384615385,0.00014079549454417458
30,39,311194425,2,0.15384615384615385,0.00014079549454417458
30,39,GS_cluster_1150106029_1150106038_1150106046_179162926,0,0.15384615384615385,0.00014079549454417458
30,39,GS_cluster_11610500593_186913340,2,0.15384615384615385,0.00014079549454417458
30,39,GS_cluster_151014883_192048063_193875691_312411075,6,0.15384615384615385,0.00014079549454417458
30,39,GS_cluster_178816046_533885875_946783180_946783246,7,0.15384615384615385,0.00014079549454417458
30,39,GS_cluster_181310361_255157088_255157309_312307082,6,0.15384615384615385,0.00014079549454417458
30,39,GS_cluster_1829205187_1830275193_412647220,1,0.15384615384615385,0.00014079549454417458
30,39,GS_cluster_183575304_191009058,0,0.15384615384615385,0.00014079549454417458
30,39,GS_cluster_192610447_2701087637_2701087639_312411627,0,0.15384615384615385,0.00014079549454417458
30,39,GS_cluster_193896937_193901000_2526973953_956503884,7,0.15384615384615385,0.00014079549454417458
30,39,GS_cluster_223768576_223768772_223769676,7,0.15384615384615385,0.00014079549454417458
30,39,GS_cluster_2386406068_2386406069_310983598_32902785,6,0.15384615384615385,0.00014079549454417458
30,39,GS_cluster_239676543_239676949_490541043_490541044,6,0.15384615384615385,0.00014079549454417458
30,39,GS_cluster_243889728_255157093,2,0.15384615384615385,0.00014079549454417458
30,39,GS_cluster_253816661_253816670,0,0.15384615384615385,0.00014079549454417458
30,39,GS_cluster_253830876_253830877,0,0.15384615384615385,0.00014079549454417458
30,39,GS_cluster_255381543_312412116_315215123_32902786,5,0.15384615384615385,0.00014079549454417458
30,39,cluster_1402121584_2273191303_3734996876_4213981066,3,0.15384615384615385,0.00014079549454417458
30,39,cluster_1457897145_1457897151_1457897234_1829205101_#2more,1,0.15384615384615385,0.00014079549454417458
30,39,cluster_191015674_240636109,7,0.15384615384615385,0.00014079549454417458
30,39,cluster_194318778_223860463,6,0.15384615384615385,0.00014079549454417458
30,39,cluster_194370890_194370892_6383385990,4,0.15384615384615385,0.00014079549454417458
30,39,cluster_236007627_236007629,0,0.15384615384615385,0.00014079549454417458
30,39,cluster_2387345775_8660110932,1,0.15384615384615385,0.00014079549454417458
30,39,joinedS_223673500_310986270_5005784727_9277804071,5,0.15384615384615385,0.00014079549454417458
30,39,joinedS_cluster_192603469_255381549_3903527581_cluster_2385586901_255381611_32904045,5,0.15384615384615385,0.00014079549454417458
31,41,1407769410,3,0.17073170731707318,0.00014079549454417458
31,41,1407769424,5,0.17073170731707318,0.00014079549454417458
31,41,311194425,3,0.17073170731707318,0.00014079549454417458
31,41,GS_cluster_1150106029_1150106038_1150106046_179162926,1,0.17073170731707318,0.00014079549454417458
31,41,GS_cluster_11610500593_186913340,3,0.17073170731707318,0.00014079549454417458
31,41,GS_cluster_151014883_192048063_193875691_312411075,7,0.17073170731707318,0.00014079549454417458
31,41,GS_cluster_178816046_533885875_946783180_946783246,0,0.17073170731707318,0.00014079549454417458
31,41,GS_cluster_181310361_255157088_255157309_312307082,7,0.17073170731707318,0.00014079549454417458
31,41,GS_cluster_1829205187_1830275193_412647220,2,0.17073170731707318,0.00014079549454417458
31,41,GS_cluster_183575304_191009058,1,0.17073170731707318,0.00014079549454417458
31,41,GS_cluster_192610447_2701087637_2701087639_312411627,1,0.17073170731707318,0.00014079549454417458
31,41,GS_cluster_193896937_193901000_2526973953_956503884,0,0.17073170731707318,0.00014079549454417458
31,41,GS_cluster_223768576_223768772_223769676,0,0.17073170731707318,0.00014079549454417458
31,41,GS_cluster_2386406068_2386406069_310983598_32902785,7,0.17073170731707318,0.00014079549454417458
31,41,GS_cluster_239676543_239676949_490541043_490541044,7,0.17073170731707318,0.00014079549454417458
31,41,GS_cluster_243889728_255157093,3,0.17073170731707318,0.00014079549454417458
31,41,GS_cluster_253816661_253816670,1,0.17073170731707318,0.00014079549454417458
31,41,GS_cluster_253830876_253830877,1,0.17073170731707318,0.00014079549454417458
31,41,GS_cluster_255381543_312412116_315215123_32902786,7,0.17073170731707318,0.00014079549454417458
31,41,cluster_1402121584_2273191303_3734996876_4213981066,4,0.17073170731707318,0.00014079549454417458
31,41,cluster_1457897145_1457897151_1457897234_1829205101_#2more,2,0.17073170731707318,0.00014079549454417458
31,41,cluster_191015674_240636109,0,0.17073170731707318,0.00014079549454417458
31,41,cluster_194318778_223860463,7,0.17073170731707318,0.00014079549454417458
31,41,cluster_194370890_194370892_6383385990,5,0.17073170731707318,0.00014079549454417458
31,41,cluster_236007627_236007629,1,0.17073170731707318,0.00014079549454417458
31,41,cluster_2387345775_8660110932,2,0.17073170731707318,0.00014079549454417458
31,41,joinedS_223673500_310986270_5005784727_9277804071,0,0.17073170731707318,0.00014079549454417458
31,41,joinedS_cluster_192603469_255381549_3903527581_cluster_2385586901_255381611_32904045,6,0.17073170731707318,0.00014079549454417458
32,42,1407769410,3,0.19047619047619047,0.00014079549454417458
32,42,1407769424,5,0.19047619047619047,0.00014079549454417458
32,42,311194425,0,0.19047619047619047,0.00014079549454417458
32,42,GS_cluster_1150106029_1150106038_1150106046_179162926,1,0.19047619047619047,0.00014079549454417458
32,42,GS_cluster_11610500593_186913340,3,0.19047619047619047,0.00014079549454417458
32,42,GS_cluster_151014883_192048063_193875691_312411075,7,0.19047619047619047,0.00014079549454417458
32,42,GS_cluster_178816046_533885875_946783180_946783246,1,0.19047619047619047,0.00014079549454417458
32,42,GS_cluster_181310361_255157088_255157309_312307082,7,0.19047619047619047,0.00014079549454417458
32,42,GS_cluster_1829205187_1830275193_412647220,2,0.19047619047619047,0.00014079549454417458
32,42,GS_cluster_183575304_191009058,1,0.19047619047619047,0.00014079549454417458
32,42,GS_cluster_192610447_2701087637_2701087639_312411627,1,0.19047619047619047,0.00014079549454417458
32,42,GS_cluster_193896937_193901000_2526973953_956503884,1,0.19047619047619047,0.00014079549454417458
32,42,GS_cluster_223768576_223768772_223769676,1,0.19047619047619047,0.00014079549454417458
32,42,GS_cluster_2386406068_2386406069_310983598_32902785,7,0.19047619047619047,0.00014079549454417458
32,42,GS_cluster_239676543_239676949_490541043_490541044,0,0.19047619047619047,0.00014079549454417458
32,42,GS_cluster_243889728_255157093,0,0.19047619047619047,0.00014079549454417458
32,42,GS_cluster_253816661_253816670,1,0.19047619047619047,0.00014079549454417458
32,42,GS_cluster_253830876_253830877,1,0.19047619047619047,0.00014079549454417458
32,42,GS_cluster_255381543_312412116_315215123_32902786,7,0.19047619047619047,0.00014079549454417458
32,42,cluster_1402121584_2273191303_3734996876_4213981066,4,0.19047619047619047,0.00014079549454417458
32,42,cluster_1457897145_1457897151_1457897234_1829205101_#2more,2,0.19047619047619047,0.00014079549454417458
32,42,cluster_191015674_240636109,1,0.19047619047619047,0.00014079549454417458
32,42,cluster_194318778_223860463,7,0.19047619047619047,0.00014079549454417458
32,42,cluster_194370890_194370892_6383385990,5,0.19047619047619047,0.00014079549454417458
32,42,cluster_236007627_236007629,1,0.19047619047619047,0.00014079549454417458
32,42,cluster_2387345775_8660110932,3,0.19047619047619047,0.00014079549454417458
32,42,joinedS_223673500_310986270_5005784727_9277804071,1,0.19047619047619047,0.00014079549454417458
32,42,joinedS_cluster_192603469_255381549_3903527581_cluster_2385586901_255381611_32904045,7,0.19047619047619047,0.00014079549454417458
33,43,1407769410,3,0.23255813953488372,0.00014079549454417458
33,43,1407769424,5,0.23255813953488372,0.00014079549454417458
33,43,311194425,0,0.23255813953488372,0.00014079549454417458
33,43,GS_cluster_1150106029_1150106038_1150106046_179162926,1,0.23255813953488372,0.00014079549454417458
33,43,GS_cluster_11610500593_186913340,3,0.23255813953488372,0.00014079549454417458
33,43,GS_cluster_151014883_192048063_193875691_312411075,7,0.23255813953488372,0.00014079549454417458
33,43,GS_cluster_178816046_533885875_946783180_946783246,1,0.23255813953488372,0.00014079549454417458
33,43,GS_cluster_181310361_255157088_255157309_312307082,0,0.23255813953488372,0.00014079549454417458
33,43,GS_cluster_1829205187_1830275193_412647220,2,0.23255813953488372,0.00014079549454417458
33,43,GS_cluster_183575304_191009058,1,0.23255813953488372,0.00014079549454417458
33,43,GS_cluster_192610447_2701087637_2701087639_312411627,1,0.23255813953488372,0.00014079549454417458
33,43,GS_cluster_193896937_193901000_2526973953_956503884,1,0.23255813953488372,0.00014079549454417458
33,43,GS_cluster_223768576_223768772_223769676,1,0.23255813953488372,0.00014079549454417458
33,43,GS_cluster_2386406068_2386406069_310983598_32902785,0,0.23255813953488372,0.00014079549454417458
33,43,GS_cluster_239676543_239676949_490541043_490541044,0,0.23255813953488372,0.00014079549454417458
33,43,GS_cluster_243889728_255157093,0,0.23255813953488372,0.00014079549454417458
33,43,GS_cluster_253816661_253816670,1,0.23255813953488372,0.00014079549454417458
33,43,GS_cluster_253830876_253830877,1,0.23255813953488372,0.00014079549454417458
33,43,GS_cluster_255381543_312412116_315215123_32902786,7,0.23255813953488372,0.00014079549454417458
33,43,cluster_1402121584_2273191303_3734996876_4213981066,4,0.23255813953488372,0.00014079549454417458
33,43,cluster_1457897145_1457897151_1457897234_1829205101_#2more,2,0.23255813953488372,0.00014079549454417458
33,43,cluster_191015674_240636109,1,0.23255813953488372,0.00014079549454417458
33,43,cluster_194318778_223860463,0,0.23255813953488372,0.00014079549454417458
33,43,cluster_194370890_194370892_6383385990,5,0.23255813953488372,0.00014079549454417458
33,43,cluster_236007627_236007629,1,0.23255813953488372,0.00014079549454417458
33,43,cluster_2387345775_8660110932,3,0.23255813953488372,0.00014079549454417458
33,43,joinedS_223673500_310986270_5005784727_9277804071,1,0.23255813953488372,0.00014079549454417458
33,43,joinedS_cluster_192603469_255381549_3903527581_cluster_2385586901_255381611_32904045,7,0.23255813953488372,0.00014079549454417458
34,45,1407769410,0,0.26666666666666666,0.00028159098908834917
34,45,1407769424,0,0.26666666666666666,0.00028159098908834917
34,45,311194425,0,0.26666666666666666,0.00028159098908834917
34,45,GS_cluster_1150106029_1150106038_1150106046_179162926,2,0.26666666666666666,0.00028159098908834917
34,45,GS_cluster_11610500593_186913340,0,0.26666666666666666,0.00028159098908834917
34,45,GS_cluster_151014883_192048063_193875691_312411075,7,0.26666666666666666,0.00028159098908834917
34,45,GS_cluster_178816046_533885875_946783180_946783246,1,0.26666666666666666,0.00028159098908834917
34,45,GS_cluster_181310361_255157088_255157309_312307082,0,0.26666666666666666,0.00028159098908834917
34,45,GS_cluster_1829205187_1830275193_412647220,3,0.26666666666666666,0.00028159098908834917
34,45,GS_cluster_183575304_191009058,2,0.26666666666666666,0.00028159098908834917
34,45,GS_cluster_192610447_2701087637_2701087639_312411627,2,0.26666666666666666,0.00028159098908834917
34,45,GS_cluster_193896937_193901000_2526973953_956503884,1,0.26666666666666666,0.00028159098908834917
34,45,GS_cluster_223768576_223768772_223769676,1,0.26666666666666666,0.00028159098908834917
34,45,GS_cluster_2386406068_2386406069_310983598_32902785,0,0.26666666666666666,0.00028159098908834917
34,45,GS_cluster_239676543_239676949_490541043_490541044,0,0.26666666666666666,0.00028159098908834917
34,45,GS_cluster_243889728_255157093,0,0.26666666666666666,0.00028159098908834917
34,45,GS_cluster_253816661_253816670,1,0.26666666666666666,0.00028159098908834917
34,45,GS_cluster_253830876_253830877,2,0.26666666666666666,0.00028159098908834917
34,45,GS_cluster_255381543_312412116_315215123_32902786,7,0.26666666666666666,0.00028159098908834917
34,45,cluster_1402121584_2273191303_3734996876_4213981066,4,0.26666666666666666,0.00028159098908834917
34,45,cluster_1457897145_1457897151_1457897234_1829205101_#2more,3,0.26666666666666666,0.00028159098908834917
34,45,cluster_191015674_240636109,1,0.26666666666666666,0.00028159098908834917
34,45,cluster_194318778_223860463,0,0.26666666666666666,0.00028159098908834917
34,45,cluster_194370890_194370892_6383385990,0,0.26666666666666666,0.00028159098908834917
34,45,cluster_236007627_236007629,2,0.26666666666666666,0.00028159098908834917
34,45,cluster_2387345775_8660110932,3,0.26666666666666666,0.00028159098908834917
34,45,joinedS_223673500_310986270_5005784727_9277804071,1,0.26666666666666666,0.00028159098908834917
34,45,joinedS_cluster_192603469_255381549_3903527581_cluster_2385586901_255381611_32904045,7,0.26666666666666666,0.00028159098908834917
35,46,1407769410,0,0.30434782608695654,0.00021119324181626187
35,46,1407769424,0,0.30434782608695654,0.00021119324181626187
35,46,311194425,0,0.30434782608695654,0.00021119324181626187
35,46,GS_cluster_1150106029_1150106038_1150106046_179162926,2,0.30434782608695654,0.00021119324181626187
35,46,GS_cluster_11610500593_186913340,0,0.30434782608695654,0.00021119324181626187
35,46,GS_cluster_151014883_192048063_193875691_312411075,7,0.30434782608695654,0.00021119324181626187
35,46,GS_cluster_178816046_533885875_946783180_946783246,1,0.30434782608695654,0.00021119324181626187
35,46,GS_cluster_181310361_255157088_255157309_312307082,0,0.30434782608695654,0.00021119324181626187
35,46,GS_cluster_1829205187_1830275193_412647220,3,0.30434782608695654,0.00021119324181626187
35,46,GS_cluster_183575304_191009058,2,0.30434782608695654,0.00021119324181626187
35,46,GS_cluster_192610447_2701087637_2701087639_312411627,2,0.30434782608695654,0.00021119324181626187
35,46,GS_cluster_193896937_193901000_2526973953_956503884,1,0.30434782608695654,0.00021119324181626187
35,46,GS_cluster_223768576_223768772_223769676,1,0.30434782608695654,0.00021119324181626187
35,46,GS_cluster_2386406068_2386406069_310983598_32902785,0,0.30434782608695654,0.00021119324181626187
35,46,GS_cluster_239676543_239676949_490541043_490541044,0,0.30434782608695654,0.00021119324181626187
35,46,GS_cluster_243889728_255157093,0,0.30434782608695654,0.00021119324181626187
35,46,GS_cluster_253816661_253816670,2,0.30434782608695654,0.00021119324181626187
35,46,GS_cluster_253830876_253830877,2,0.30434782608695654,0.00021119324181626187
35,46,GS_cluster_255381543_312412116_315215123_32902786,7,0.30434782608695654,0.00021119324181626187
35,46,cluster_1402121584_2273191303_3734996876_4213981066,5,0.30434782608695654,0.00021119324181626187
35,46,cluster_1457897145_1457897151_1457897234_1829205101_#2more,3,0.30434782608695654,0.00021119324181626187
35,46,cluster_191015674_240636109,1,0.30434782608695654,0.00021119324181626187
35,46,cluster_194318778_223860463,0,0.30434782608695654,0.00021119324181626187
35,46,cluster_194370890_194370892_6383385990,0,0.30434782608695654,0.00021119324181626187
35,46,cluster_236007627_236007629,2,0.30434782608695654,0.00021119324181626187
35,46,cluster_2387345775_8660110932,3,0.30434782608695654,0.00021119324181626187
35,46,joinedS_223673500_310986270_5005784727_9277804071,1,0.30434782608695654,0.00021119324181626187
35,46,joinedS_cluster_192603469_255381549_3903527581_cluster_2385586901_255381611_32904045,7,0.30434782608695654,0.00021119324181626187
36,47,1407769410,0,0.3404255319148936,0.00014079549454417458
36,47,1407769424,0,0.3404255319148936,0.00014079549454417458
36,47,311194425,0,0.3404255319148936,0.00014079549454417458
36,47,GS_cluster_1150106029_1150106038_1150106046_179162926,2,0.3404255319148936,0.00014079549454417458
36,47,GS_cluster_11610500593_186913340,0,0.3404255319148936,0.00014079549454417458
36,47,GS_cluster_151014883_192048063_193875691_312411075,7,0.3404255319148936,0.00014079549454417458
36,47,GS_cluster_178816046_533885875_946783180_946783246,1,0.3404255319148936,0.00014079549454417458
36,47,GS_cluster_181310361_255157088_255157309_312307082,0,0.3404255319148936,0.00014079549454417458
36,47,GS_cluster_1829205187_1830275193_412647220,3,0.3404255319148936,0.00014079549454417458
36,47,GS_cluster_183575304_191009058,2,0.3404255319148936,0.00014079549454417458
36,47,GS_cluster_192610447_2701087637_2701087639_312411627,2,0.3404255319148936,0.00014079549454417458
36,47,GS_cluster_193896937_193901000_2526973953_956503884,1,0.3404255319148936,0.00014079549454417458
36,47,GS_cluster_223768576_223768772_223769676,1,0.3404255319148936,0.00014079549454417458
36,47,GS_cluster_2386406068_2386406069_310983598_32902785,0,0.3404255319148936,0.00014079549454417458
36,47,GS_cluster_239676543_239676949_490541043_490541044,0,0.3404255319148936,0.00014079549454417458
36,47,GS_cluster_243889728_255157093,0,0.3404255319148936,0.00014079549454417458
36,47,GS_cluster_253816661_253816670,2,0.3404255319148936,0.00014079549454417458
36,47,GS_cluster_253830876_253830877,2,0.3404255319148936,0.00014079549454417458
36,47,GS_cluster_255381543_312412116_315215123_32902786,7,0.3404255319148936,0.00014079549454417458
36,47,cluster_1402121584_2273191303_3734996876_4213981066,5,0.3404255319148936,0.00014079549454417458
36,47,cluster_1457897145_1457897151_1457897234_1829205101_#2more,3,0.3404255319148936,0.00014079549454417458
36,47,cluster_191015674_240636109,1,0.3404255319148936,0.00014079549454417458
36,47,cluster_194318778_223860463,0,0.3404255319148936,0.00014079549454417458
36,47,cluster_194370890_194370892_6383385990,0,0.3404255319148936,0.00014079549454417458
36,47,cluster_236007627_236007629,2,0.3404255319148936,0.00014079549454417458
36,47,cluster_2387345775_8660110932,3,0.3404255319148936,0.00014079549454417458
36,47,joinedS_223673500_310986270_5005784727_9277804071,1,0.3404255319148936,0.00014079549454417458
36,47,joinedS_cluster_192603469_255381549_3903527581_cluster_2385586901_255381611_32904045,7,0.3404255319148936,0.00014079549454417458
37,49,1407769410,0,0.3673469387755102,0.00021119324181626187
37,49,1407769424,0,0.3673469387755102,0.00021119324181626187
37,49,311194425,0,0.3673469387755102,0.00021119324181626187
37,49,GS_cluster_1150106029_1150106038_1150106046_179162926,2,0.3673469387755102,0.00021119324181626187
37,49,GS_cluster_11610500593_186913340,0,0.3673469387755102,0.00021119324181626187
37,49,GS_cluster_151014883_192048063_193875691_312411075,7,0.3673469387755102,0.00021119324181626187
37,49,GS_cluster_178816046_533885875_946783180_946783246,2,0.3673469387755102,0.00021119324181626187
37,49,GS_cluster_181310361_255157088_255157309_312307082,0,0.3673469387755102,0.00021119324181626187
37,49,GS_cluster_1829205187_1830275193_412647220,3,0.3673469387755102,0.00021119324181626187
37,49,GS_cluster_183575304_191009058,2,0.3673469387755102,0.00021119324181626187
37,49,GS_cluster_192610447_2701087637_2701087639_312411627,2,0.3673469387755102,0.00021119324181626187
37,49,GS_cluster_193896937_193901000_2526973953_956503884,2,0.3673469387755102,0.00021119324181626187
37,49,GS_cluster_223768576_223768772_223769676,2,0.3673469387755102,0.00021119324181626187
37,49,GS_cluster_2386406068_2386406069_310983598_32902785,0,0.3673469387755102,0.00021119324181626187
37,49,GS_cluster_239676543_239676949_490541043_490541044,0,0.3673469387755102,0.00021119324181626187
37,49,GS_cluster_243889728_255157093,0,0.3673469387755102,0.00021119324181626187
37,49,GS_cluster_253816661_253816670,2,0.3673469387755102,0.00021119324181626187
37,49,GS_cluster_253830876_253830877,2,0.3673469387755102,0.00021119324181626187
37,49,GS_cluster_255381543_312412116_315215123_32902786,0,0.3673469387755102,0.00021119324181626187
37,49,cluster_1402121584_2273191303_3734996876_4213981066,6,0.3673469387755102,0.00021119324181626187
37,49,cluster_1457897145_1457897151_1457897234_1829205101_#2more,3,0.3673469387755102,0.00021119324181626187
37,49,cluster_191015674_240636109,2,0.3673469387755102,0.00021119324181626187
37,49,cluster_194318778_223860463,0,0.3673469387755102,0.00021119324181626187
37,49,cluster_194370890_194370892_6383385990,0,0.3673469387755102,0.00021119324181626187
37,49,cluster_236007627_236007629,2,0.3673469387755102,0.00021119324181626187
37,49,cluster_2387345775_8660110932,3,0.3673469387755102,0.00021119324181626187
37,49,joinedS_223673500_310986270_5005784727_9277804071,1,0.3673469387755102,0.00021119324181626187
37,49,joinedS_cluster_192603469_255381549_3903527581_cluster_2385586901_255381611_32904045,7,0.3673469387755102,0.00021119324181626187
38,50,1407769410,0,0.12,0.00014079549454417458
38,50,1407769424,0,0.12,0.00014079549454417458
38,50,311194425,0,0.12,0.00014079549454417458
38,50,GS_cluster_1150106029_1150106038_1150106046_179162926,2,0.12,0.00014079549454417458
38,50,GS_cluster_11610500593_186913340,0,0.12,0.00014079549454417458
38,50,GS_cluster_151014883_192048063_193875691_312411075,7,0.12,0.00014079549454417458
38,50,GS_cluster_178816046_533885875_946783180_946783246,2,0.12,0.00014079549454417458
38,50,GS_cluster_181310361_255157088_255157309_312307082,0,0.12,0.00014079549454417458
38,50,GS_cluster_1829205187_1830275193_412647220,3,0.12,0.00014079549454417458
38,50,GS_cluster_183575304_191009058,2,0.12,0.00014079549454417458
38,50,GS_cluster_192610447_2701087637_2701087639_312411627,2,0.12,0.00014079549454417458
38,50,GS_cluster_193896937_193901000_2526973953_956503884,2,0.12,0.00014079549454417458
38,50,GS_cluster_223768576_223768772_223769676,2,0.12,0.00014079549454417458
38,50,GS_cluster_2386406068_2386406069_310983598_32902785,0,0.12,0.00014079549454417458
38,50,GS_cluster_239676543_239676949_490541043_490541044,0,0.12,0.00014079549454417458
38,50,GS_cluster_243889728_255157093,0,0.12,0.00014079549454417458
38,50,GS_cluster_253816661_253816670,2,0.12,0.00014079549454417458
38,50,GS_cluster_253830876_253830877,2,0.12,0.00014079549454417458
38,50,GS_cluster_255381543_312412116_315215123_32902786,0,0.12,0.00014079549454417458
38,50,cluster_1402121584_2273191303_3734996876_4213981066,6,0.12,0.00014079549454417458
38,50,cluster_1457897145_1457897151_1457897234_1829205101_#2more,3,0.12,0.00014079549454417458
38,50,cluster_191015674_240636109,2,0.12,0.00014079549454417458
38,50,cluster_194318778_223860463,0,0.12,0.00014079549454417458
38,50,cluster_194370890_194370892_6383385990,0,0.12,0.00014079549454417458
38,50,cluster_236007627_236007629,2,0.12,0.00014079549454417458
38,50,cluster_2387345775_8660110932,0,0.12,0.00014079549454417458
38,50,joinedS_223673500_310986270_5005784727_9277804071,2,0.12,0.00014079549454417458
38,50,joinedS_cluster_192603469_255381549_3903527581_cluster_2385586901_255381611_32904045,0,0.12,0.00014079549454417458
39,51,1407769410,1,0.13725490196078433,0.00014079549454417458
39,51,1407769424,1,0.13725490196078433,0.00014079549454417458
39,51,311194425,0,0.13725490196078433,0.00014079549454417458
39,51,GS_cluster_1150106029_1150106038_1150106046_179162926,2,0.13725490196078433,0.00014079549454417458
39,51,GS_cluster_11610500593_186913340,1,0.13725490196078433,0.00014079549454417458
39,51,GS_cluster_151014883_192048063_193875691_312411075,7,0.13725490196078433,0.00014079549454417458
39,51,GS_cluster_178816046_533885875_946783180_946783246,2,0.13725490196078433,0.00014079549454417458
39,51,GS_cluster_181310361_255157088_255157309_312307082,0,0.13725490196078433,0.00014079549454417458
39,51,GS_cluster_1829205187_1830275193_412647220,4,0.13725490196078433,0.00014079549454417458
39,51,GS_cluster_183575304_191009058,2,0.13725490196078433,0.00014079549454417458
39,51,GS_cluster_192610447_2701087637_2701087639_312411627,2,0.13725490196078433,0.00014079549454417458
39,51,GS_cluster_193896937_193901000_2526973953_956503884,2,0.13725490196078433,0.00014079549454417458
39,51,GS_cluster_223768576_223768772_223769676,2,0.13725490196078433,0.00014079549454417458
39,51,GS_cluster_2386406068_2386406069_310983598_32902785,0,0.13725490196078433,0.00014079549454417458
39,51,GS_cluster_239676543_239676949_490541043_490541044,0,0.13725490196078433,0.00014079549454417458
39,51,GS_cluster_243889728_255157093,0,0.13725490196078433,0.00014079549454417458
39,51,GS_cluster_253816661_253816670,2,0.13725490196078433,0.00014079549454417458
39,51,GS_cluster_253830876_253830877,2,0.13725490196078433,0.00014079549454417458
39,51,GS_cluster_255381543_312412116_315215123_32902786,0,0.13725490196078433,0.00014079549454417458
39,51,cluster_1402121584_2273191303_3734996876_4213981066,6,0.13725490196078433,0.00014079549454417458
39,51,cluster_1457897145_1457897151_1457897234_1829205101_#2more,4,0.13725490196078433,0.00014079549454417458
39,51,cluster_191015674_240636109,2,0.13725490196078433,0.00014079549454417458
39,51,cluster_194318778_223860463,0,0.13725490196078433,0.00014079549454417458
39,51,cluster_194370890_194370892_6383385990,1,0.13725490196078433,0.00014079549454417458
39,51,cluster_236007627_236007629,2,0.13725490196078433,0.00014079549454417458
39,51,cluster_2387345775_8660110932,0,0.13725490196078433,0.00014079549454417458
39,51,joinedS_223673500_310986270_5005784727_9277804071,2,0.13725490196078433,0.00014079549454417458
39,51,joinedS_cluster_192603469_255381549_3903527581_cluster_2385586901_255381611_32904045,0,0.13725490196078433,0.00014079549454417458
40,53,1407769410,1,0.1509433962264151,7.039774727208729e-05
40,53,1407769424,1,0.1509433962264151,7.039774727208729e-05
40,53,311194425,1,0.1509433962264151,7.039774727208729e-05
40,53,GS_cluster_1150106029_1150106038_1150106046_179162926,2,0.1509433962264151,7.039774727208729e-05
40,53,GS_cluster_11610500593_186913340,1,0.1509433962264151,7.039774727208729e-05
40,53,GS_cluster_151014883_192048063_193875691_312411075,7,0.1509433962264151,7.039774727208729e-05
40,53,GS_cluster_178816046_533885875_946783180_946783246,2,0.1509433962264151,7.039774727208729e-05
40,53,GS_cluster_181310361_255157088_255157309_312307082,0,0.1509433962264151,7.039774727208729e-05
40,53,GS_cluster_1829205187_1830275193_412647220,4,0.1509433962264151,7.039774727208729e-05
40,53,GS_cluster_183575304_191009058,2,0.1509433962264151,7.039774727208729e-05
40,53,GS_cluster_192610447_2701087637_2701087639_312411627,2,0.1509433962264151,7.039774727208729e-05
40,53,GS_cluster_193896937_193901000_2526973953_956503884,2,0.1509433962264151,7.039774727208729e-05
40,53,GS_cluster_223768576_223768772_223769676,2,0.1509433962264151,7.039774727208729e-05
40,53,GS_cluster_2386406068_2386406069_310983598_32902785,0,0.1509433962264151,7.039774727208729e-05
40,53,GS_cluster_239676543_239676949_490541043_490541044,1,0.1509433962264151,7.039774727208729e-05
40,53,GS_cluster_243889728_255157093,1,0.1509433962264151,7.039774727208729e-05
40,53,GS_cluster_253816661_253816670,2,0.1509433962264151,7.039774727208729e-05
40,53,GS_cluster_253830876_253830877,2,0.1509433962264151,7.039774727208729e-05
40,53,GS_cluster_255381543_312412116_315215123_32902786,0,0.1509433962264151,7.039774727208729e-05
40,53,cluster_1402121584_2273191303_3734996876_4213981066,6,0.1509433962264151,7.039774727208729e-05
40,53,cluster_1457897145_1457897151_1457897234_1829205101_#2more,4,0.1509433962264151,7.039774727208729e-05
40,53,cluster_191015674_240636109,2,0.1509433962264151,7.039774727208729e-05
40,53,cluster_194318778_223860463,0,0.1509433962264151,7.039774727208729e-05
40,53,cluster_194370890_194370892_6383385990,1,0.1509433962264151,7.039774727208729e-05
40,53,cluster_236007627_236007629,2,0.1509433962264151,7.039774727208729e-05
40,53,cluster_2387345775_8660110932,0,0.1509433962264151,7.039774727208729e-05
40,53,joinedS_223673500_310986270_5005784727_9277804071,2,0.1509433962264151,7.039774727208729e-05
40,53,joinedS_cluster_192603469_255381549_3903527581_cluster_2385586901_255381611_32904045,0,0.1509433962264151,7.039774727208729e-05
41,54,1407769410,2,0.16666666666666666,0.00014079549454417458
41,54,1407769424,2,0.16666666666666666,0.00014079549454417458
41,54,311194425,2,0.16666666666666666,0.00014079549454417458
41,54,GS_cluster_1150106029_1150106038_1150106046_179162926,3,0.16666666666666666,0.00014079549454417458
41,54,GS_cluster_11610500593_186913340,2,0.16666666666666666,0.00014079549454417458
41,54,GS_cluster_151014883_192048063_193875691_312411075,1,0.16666666666666666,0.00014079549454417458
41,54,GS_cluster_178816046_533885875_946783180_946783246,3,0.16666666666666666,0.00014079549454417458
41,54,GS_cluster_181310361_255157088_255157309_312307082,1,0.16666666666666666,0.00014079549454417458
41,54,GS_cluster_1829205187_1830275193_412647220,5,0.16666666666666666,0.00014079549454417458
41,54,GS_cluster_183575304_191009058,3,0.16666666666666666,0.00014079549454417458
41,54,GS_cluster_192610447_2701087637_2701087639_312411627,3,0.16666666666666666,0.00014079549454417458
41,54,GS_cluster_193896937_193901000_2526973953_956503884,3,0.16666666666666666,0.00014079549454417458
41,54,GS_cluster_223768576_223768772_223769676,3,0.16666666666666666,0.00014079549454417458
41,54,GS_cluster_2386406068_2386406069_310983598_32902785,1,0.16666666666666666,0.00014079549454417458
41,54,GS_cluster_239676543_239676949_490541043_490541044,2,0.16666666666666666,0.00014079549454417458
41,54,GS_cluster_243889728_255157093,2,0.16666666666666666,0.00014079549454417458
41,54,GS_cluster_253816661_253816670,3,0.16666666666666666,0.00014079549454417458
41,54,GS_cluster_253830876_253830877,3,0.16666666666666666,0.00014079549454417458
41,54,GS_cluster_255381543_312412116_315215123_32902786,1,0.16666666666666666,0.00014079549454417458
41,54,cluster_1402121584_2273191303_3734996876_4213981066,7,0.16666666666666666,0.00014079549454417458
41,54,cluster_1457897145_1457897151_1457897234_1829205101_#2more,5,0.16666666666666666,0.00014079549454417458
41,54,cluster_191015674_240636109,3,0.16666666666666666,0.00014079549454417458
41,54,cluster_194318778_223860463,1,0.16666666666666666,0.00014079549454417458
41,54,cluster_194370890_194370892_6383385990,2,0.16666666666666666,0.00014079549454417458
41,54,cluster_236007627_236007629,3,0.16666666666666666,0.00014079549454417458
41,54,cluster_2387345775_8660110932,1,0.16666666666666666,0.00014079549454417458
41,54,joinedS_223673500_310986270_5005784727_9277804071,3,0.16666666666666666,0.00014079549454417458
41,54,joinedS_cluster_192603469_255381549_3903527581_cluster_2385586901_255381611_32904045,1,0.16666666666666666,0.00014079549454417458
42,55,1407769410,3,0.18181818181818182,0.00014079549454417458
42,55,1407769424,3,0.18181818181818182,0.00014079549454417458
42,55,311194425,2,0.18181818181818182,0.00014079549454417458
42,55,GS_cluster_1150106029_1150106038_1150106046_179162926,3,0.18181818181818182,0.00014079549454417458
42,55,GS_cluster_11610500593_186913340,3,0.18181818181818182,0.00014079549454417458
42,55,GS_cluster_151014883_192048063_193875691_312411075,1,0.18181818181818182,0.00014079549454417458
42,55,GS_cluster_178816046_533885875_946783180_946783246,3,0.18181818181818182,0.00014079549454417458
42,55,GS_cluster_181310361_255157088_255157309_312307082,1,0.18181818181818182,0.00014079549454417458
42,55,GS_cluster_1829205187_1830275193_412647220,5,0.18181818181818182,0.00014079549454417458
42,55,GS_cluster_183575304_191009058,3,0.18181818181818182,0.00014079549454417458
42,55,GS_cluster_192610447_2701087637_2701087639_312411627,4,0.18181818181818182,0.00014079549454417458
42,55,GS_cluster_193896937_193901000_2526973953_956503884,3,0.18181818181818182,0.00014079549454417458
42,55,GS_cluster_223768576_223768772_223769676,3,0.18181818181818182,0.00014079549454417458
42,55,GS_cluster_2386406068_2386406069_310983598_32902785,1,0.18181818181818182,0.00014079549454417458
42,55,GS_cluster_239676543_239676949_490541043_490541044,2,0.18181818181818182,0.00014079549454417458
42,55,GS_cluster_243889728_255157093,2,0.18181818181818182,0.00014079549454417458
42,55,GS_cluster_253816661_253816670,3,0.18181818181818182,0.00014079549454417458
42,55,GS_cluster_253830876_253830877,3,0.18181818181818182,0.00014079549454417458
42,55,GS_cluster_255381543_312412116_315215123_32902786,1,0.18181818181818182,0.00014079549454417458
42,55,cluster_1402121584_2273191303_3734996876_4213981066,8,0.18181818181818182,0.00014079549454417458
42,55,cluster_1457897145_1457897151_1457897234_1829205101_#2more,5,0.18181818181818182,0.00014079549454417458
42,55,cluster_191015674_240636109,3,0.18181818181818182,0.00014079549454417458
42,55,cluster_194318778_223860463,1,0.18181818181818182,0.00014079549454417458
42,55,cluster_194370890_194370892_6383385990,3,0.18181818181818182,0.00014079549454417458
42,55,cluster_236007627_236007629,3,0.18181818181818182,0.00014079549454417458
42,55,cluster_2387345775_8660110932,1,0.18181818181818182,0.00014079549454417458
42,55,joinedS_223673500_310986270_5005784727_9277804071,3,0.18181818181818182,0.00014079549454417458
42,55,joinedS_cluster_192603469_255381549_3903527581_cluster_2385586901_255381611_32904045,1,0.18181818181818182,0.00014079549454417458
43,57,1407769410,3,0.21052631578947367,0.00014079549454417458
43,57,1407769424,3,0.21052631578947367,0.00014079549454417458
43,57,311194425,2,0.21052631578947367,0.00014079549454417458
43,57,GS_cluster_1150106029_1150106038_1150106046_179162926,3,0.21052631578947367,0.00014079549454417458
43,57,GS_cluster_11610500593_186913340,3,0.21052631578947367,0.00014079549454417458
43,57,GS_cluster_151014883_192048063_193875691_312411075,1,0.21052631578947367,0.00014079549454417458
43,57,GS_cluster_178816046_533885875_946783180_946783246,3,0.21052631578947367,0.00014079549454417458
43,57,GS_cluster_181310361_255157088_255157309_312307082,1,0.21052631578947367,0.00014079549454417458
43,57,GS_cluster_1829205187_1830275193_412647220,5,0.21052631578947367,0.00014079549454417458
43,57,GS_cluster_183575304_191009058,3,0.21052631578947367,0.00014079549454417458
43,57,GS_cluster_192610447_2701087637_2701087639_312411627,4,0.21052631578947367,0.00014079549454417458
43,57,GS_cluster_193896937_193901000_2526973953_956503884,3,0.21052631578947367,0.00014079549454417458
43,57,GS_cluster_223768576_223768772_223769676,3,0.21052631578947367,0.00014079549454417458
43,57,GS_cluster_2386406068_2386406069_310983598_32902785,1,0.21052631578947367,0.00014079549454417458
43,57,GS_cluster_239676543_239676949_490541043_490541044,2,0.21052631578947367,0.00014079549454417458
43,57,GS_cluster_243889728_255157093,2,0.21052631578947367,0.00014079549454417458
43,57,GS_cluster_253816661_253816670,3,0.21052631578947367,0.00014079549454417458
43,57,GS_cluster_253830876_253830877,3,0.21052631578947367,0.00014079549454417458
43,57,GS_cluster_255381543_312412116_315215123_32902786,1,0.21052631578947367,0.00014079549454417458
43,57,cluster_1402121584_2273191303_3734996876_4213981066,8,0.21052631578947367,0.00014079549454417458
43,57,cluster_1457897145_1457897151_1457897234_1829205101_#2more,5,0.21052631578947367,0.00014079549454417458
43,57,cluster_191015674_240636109,3,0.21052631578947367,0.00014079549454417458
43,57,cluster_194318778_223860463,1,0.21052631578947367,0.00014079549454417458
43,57,cluster_194370890_194370892_6383385990,3,0.21052631578947367,0.00014079549454417458
43,57,cluster_236007627_236007629,3,0.21052631578947367,0.00014079549454417458
43,57,cluster_2387345775_8660110932,1,0.21052631578947367,0.00014079549454417458
43,57,joinedS_223673500_310986270_5005784727_9277804071,4,0.21052631578947367,0.00014079549454417458
43,57,joinedS_cluster_192603469_255381549_3903527581_cluster_2385586901_255381611_32904045,1,0.21052631578947367,0.00014079549454417458
44,58,1407769410,3,0.25862068965517243,0.00021119324181626187
44,58,1407769424,3,0.25862068965517243,0.00021119324181626187
44,58,311194425,2,0.25862068965517243,0.00021119324181626187
44,58,GS_cluster_1150106029_1150106038_1150106046_179162926,3,0.25862068965517243,0.00021119324181626187
44,58,GS_cluster_11610500593_186913340,3,0.25862068965517243,0.00021119324181626187
44,58,GS_cluster_151014883_192048063_193875691_312411075,1,0.25862068965517243,0.00021119324181626187
44,58,GS_cluster_178816046_533885875_946783180_946783246,3,0.25862068965517243,0.00021119324181626187
44,58,GS_cluster_181310361_255157088_255157309_312307082,1,0.25862068965517243,0.00021119324181626187
44,58,GS_cluster_1829205187_1830275193_412647220,0,0.25862068965517243,0.00021119324181626187
44,58,GS_cluster_183575304_191009058,3,0.25862068965517243,0.00021119324181626187
44,58,GS_cluster_192610447_2701087637_2701087639_312411627,4,0.25862068965517243,0.00021119324181626187
44,58,GS_cluster_193896937_193901000_2526973953_956503884,3,0.25862068965517243,0.00021119324181626187
44,58,GS_cluster_223768576_223768772_223769676,3,0.25862068965517243,0.00021119324181626187
44,58,GS_cluster_2386406068_2386406069_310983598_32902785,1,0.25862068965517243,0.00021119324181626187
44,58,GS_cluster_239676543_239676949_490541043_490541044,2,0.25862068965517243,0.00021119324181626187
44,58,GS_cluster_243889728_255157093,2,0.25862068965517243,0.00021119324181626187
44,58,GS_cluster_253816661_253816670,3,0.25862068965517243,0.00021119324181626187
44,58,GS_cluster_253830876_253830877,3,0.25862068965517243,0.00021119324181626187
44,58,GS_cluster_255381543_312412116_315215123_32902786,1,0.25862068965517243,0.00021119324181626187
44,58,cluster_1402121584_2273191303_3734996876_4213981066,0,0.25862068965517243,0.00021119324181626187
44,58,cluster_1457897145_1457897151_1457897234_1829205101_#2more,0,0.25862068965517243,0.00021119324181626187
44,58,cluster_191015674_240636109,3,0.25862068965517243,0.00021119324181626187
44,58,cluster_194318778_223860463,1,0.25862068965517243,0.00021119324181626187
44,58,cluster_194370890_194370892_6383385990,3,0.25862068965517243,0.00021119324181626187
44,58,cluster_236007627_236007629,3,0.25862068965517243,0.00021119324181626187
44,58,cluster_2387345775_8660110932,1,0.25862068965517243,0.00021119324181626187
44,58,joinedS_223673500_310986270_5005784727_9277804071,4,0.25862068965517243,0.00021119324181626187
44,58,joinedS_cluster_192603469_255381549_3903527581_cluster_2385586901_255381611_32904045,1,0.25862068965517243,0.00021119324181626187
45,59,1407769410,0,0.3050847457627119,0.00028159098908834917
45,59,1407769424,4,0.3050847457627119,0.00028159098908834917
45,59,311194425,3,0.3050847457627119,0.00028159098908834917
45,59,GS_cluster_1150106029_1150106038_1150106046_179162926,3,0.3050847457627119,0.00028159098908834917
45,59,GS_cluster_11610500593_186913340,0,0.3050847457627119,0.00028159098908834917
45,59,GS_cluster_151014883_192048063_193875691_312411075,1,0.3050847457627119,0.00028159098908834917
45,59,GS_cluster_178816046_533885875_946783180_946783246,3,0.3050847457627119,0.00028159098908834917
45,59,GS_cluster_181310361_255157088_255157309_312307082,2,0.3050847457627119,0.00028159098908834917
45,59,GS_cluster_1829205187_1830275193_412647220,0,0.3050847457627119,0.00028159098908834917
45,59,GS_cluster_183575304_191009058,3,0.3050847457627119,0.00028159098908834917
45,59,GS_cluster_192610447_2701087637_2701087639_312411627,4,0.3050847457627119,0.00028159098908834917
45,59,GS_cluster_193896937_193901000_2526973953_956503884,3,0.3050847457627119,0.00028159098908834917
45,59,GS_cluster_223768576_223768772_223769676,3,0.3050847457627119,0.00028159098908834917
45,59,GS_cluster_2386406068_2386406069_310983598_32902785,2,0.3050847457627119,0.00028159098908834917
45,59,GS_cluster_239676543_239676949_490541043_490541044,3,0.3050847457627119,0.00028159098908834917
45,59,GS_cluster_243889728_255157093,3,0.3050847457627119,0.00028159098908834917
45,59,GS_cluster_253816661_253816670,0,0.3050847457627119,0.00028159098908834917
45,59,GS_cluster_253830876_253830877,3,0.3050847457627119,0.00028159098908834917
45,59,GS_cluster_255381543_312412116_315215123_32902786,1,0.3050847457627119,0.00028159098908834917
45,59,cluster_1402121584_2273191303_3734996876_4213981066,0,0.3050847457627119,0.00028159098908834917
45,59,cluster_1457897145_1457897151_1457897234_1829205101_#2more,0,0.3050847457627119,0.00028159098908834917
45,59,cluster_191015674_240636109,3,0.3050847457627119,0.00028159098908834917
45,59,cluster_194318778_223860463,2,0.3050847457627119,0.00028159098908834917
45,59,cluster_194370890_194370892_6383385990,4,0.3050847457627119,0.00028159098908834917
45,59,cluster_236007627_236007629,3,0.3050847457627119,0.00028159098908834917
45,59,cluster_2387345775_8660110932,1,0.3050847457627119,0.00028159098908834917
45,59,joinedS_223673500_310986270_5005784727_9277804071,4,0.3050847457627119,0.00028159098908834917
45,59,joinedS_cluster_192603469_255381549_3903527581_cluster_2385586901_255381611_32904045,1,0.3050847457627119,0.00028159098908834917
46,61,1407769410,0,0.3442622950819672,0.00028159098908834917
46,61,1407769424,4,0.3442622950819672,0.00028159098908834917
46,61,311194425,3,0.3442622950819672,0.00028159098908834917
46,61,GS_cluster_1150106029_1150106038_1150106046_179162926,4,0.3442622950819672,0.00028159098908834917
46,61,GS_cluster_11610500593_186913340,0,0.3442622950819672,0.00028159098908834917
46,61,GS_cluster_151014883_192048063_193875691_312411075,2,0.3442622950819672,0.00028159098908834917
46,61,GS_cluster_178816046_533885875_946783180_946783246,3,0.3442622950819672,0.00028159098908834917
46,61,GS_cluster_181310361_255157088_255157309_312307082,2,0.3442622950819672,0.00028159098908834917
46,61,GS_cluster_1829205187_1830275193_412647220,0,0.3442622950819672,0.00028159098908834917
46,61,GS_cluster_183575304_191009058,4,0.3442622950819672,0.00028159098908834917
46,61,GS_cluster_192610447_2701087637_2701087639_312411627,4,0.3442622950819672,0.00028159098908834917
46,61,GS_cluster_193896937_193901000_2526973953_956503884,3,0.3442622950819672,0.00028159098908834917
46,61,GS_cluster_223768576_223768772_223769676,3,0.3442622950819672,0.00028159098908834917
46,61,GS_cluster_2386406068_2386406069_310983598_32902785,2,0.3442622950819672,0.00028159098908834917
46,61,GS_cluster_239676543_239676949_490541043_490541044,3,0.3442622950819672,0.00028159098908834917
46,61,GS_cluster_243889728_255157093,3,0.3442622950819672,0.00028159098908834917
46,61,GS_cluster_253816661_253816670,0,0.3442622950819672,0.00028159098908834917
46,61,GS_cluster_253830876_253830877,4,0.3442622950819672,0.00028159098908834917
46,61,GS_cluster_255381543_312412116_315215123_32902786,1,0.3442622950819672,0.00028159098908834917
46,61,cluster_1402121584_2273191303_3734996876_4213981066,0,0.3442622950819672,0.00028159098908834917
46,61,cluster_1457897145_1457897151_1457897234_1829205101_#2more,0,0.3442622950819672,0.00028159098908834917
46,61,cluster_191015674_240636109,3,0.3442622950819672,0.00028159098908834917
46,61,cluster_194318778_223860463,2,0.3442622950819672,0.00028159098908834917
46,61,cluster_194370890_194370892_6383385990,4,0.3442622950819672,0.00028159098908834917
46,61,cluster_236007627_236007629,4,0.3442622950819672,0.00028159098908834917
46,61,cluster_2387345775_8660110932,1,0.3442622950819672,0.00028159098908834917
46,61,joinedS_223673500_310986270_5005784727_9277804071,4,0.3442622950819672,0.00028159098908834917
46,61,joinedS_cluster_192603469_255381549_3903527581_cluster_2385586901_255381611_32904045,1,0.3442622950819672,0.00028159098908834917
47,62,1407769410,0,0.3870967741935484,0.00028159098908834917
47,62,1407769424,4,0.3870967741935484,0.00028159098908834917
47,62,311194425,3,0.3870967741935484,0.00028159098908834917
47,62,GS_cluster_1150106029_1150106038_1150106046_179162926,4,0.3870967741935484,0.00028159098908834917
47,62,GS_cluster_11610500593_186913340,0,0.3870967741935484,0.00028159098908834917
47,62,GS_cluster_151014883_192048063_193875691_312411075,2,0.3870967741935484,0.00028159098908834917
47,62,GS_cluster_178816046_533885875_946783180_946783246,3,0.3870967741935484,0.00028159098908834917
47,62,GS_cluster_181310361_255157088_255157309_312307082,2,0.3870967741935484,0.00028159098908834917
47,62,GS_cluster_1829205187_1830275193_412647220,0,0.3870967741935484,0.00028159098908834917
47,62,GS_cluster_183575304_191009058,4,0.3870967741935484,0.00028159098908834917
47,62,GS_cluster_192610447_2701087637_2701087639_312411627,4,0.3870967741935484,0.00028159098908834917
47,62,GS_cluster_193896937_193901000_2526973953_956503884,3,0.3870967741935484,0.00028159098908834917
47,62,GS_cluster_223768576_223768772_223769676,3,0.3870967741935484,0.00028159098908834917
47,62,GS_cluster_2386406068_2386406069_310983598_32902785,2,0.3870967741935484,0.00028159098908834917
47,62,GS_cluster_239676543_239676949_490541043_490541044,3,0.3870967741935484,0.00028159098908834917
47,62,GS_cluster_243889728_255157093,3,0.3870967741935484,0.00028159098908834917
47,62,GS_cluster_253816661_253816670,0,0.3870967741935484,0.00028159098908834917
47,62,GS_cluster_253830876_253830877,4,0.3870967741935484,0.00028159098908834917
47,62,GS_cluster_255381543_312412116_315215123_32902786,1,0.3870967741935484,0.00028159098908834917
47,62,cluster_1402121584_2273191303_3734996876_4213981066,0,0.3870967741935484,0.00028159098908834917
47,62,cluster_1457897145_1457897151_1457897234_1829205101_#2more,0,0.3870967741935484,0.00028159098908834917
47,62,cluster_191015674_240636109,3,0.3870967741935484,0.00028159098908834917
47,62,cluster_194318778_223860463,2,0.3870967741935484,0.00028159098908834917
47,62,cluster_194370890_194370892_6383385990,4,0.3870967741935484,0.00028159098908834917
47,62,cluster_236007627_236007629,4,0.3870967741935484,0.00028159098908834917
47,62,cluster_2387345775_8660110932,1,0.3870967741935484,0.00028159098908834917
47,62,joinedS_223673500_310986270_5005784727_9277804071,4,0.3870967741935484,0.00028159098908834917
47,62,joinedS_cluster_192603469_255381549_3903527581_cluster_2385586901_255381611_32904045,1,0.3870967741935484,0.00028159098908834917
48,63,1407769410,0,0.42857142857142855,0.00028159098908834917
48,63,1407769424,4,0.42857142857142855,0.00028159098908834917
48,63,311194425,3,0.42857142857142855,0.00028159098908834917
48,63,GS_cluster_1150106029_1150106038_1150106046_179162926,4,0.42857142857142855,0.00028159098908834917
48,63,GS_cluster_11610500593_186913340,0,0.42857142857142855,0.00028159098908834917
48,63,GS_cluster_151014883_192048063_193875691_312411075,2,0.42857142857142855,0.00028159098908834917
48,63,GS_cluster_178816046_533885875_946783180_946783246,3,0.42857142857142855,0.00028159098908834917
48,63,GS_cluster_181310361_255157088_255157309_312307082,2,0.42857142857142855,0.00028159098908834917
48,63,GS_cluster_1829205187_1830275193_412647220,0,0.42857142857142855,0.00028159098908834917
48,63,GS_cluster_183575304_191009058,4,0.42857142857142855,0.00028159098908834917
48,63,GS_cluster_192610447_2701087637_2701087639_312411627,4,0.42857142857142855,0.00028159098908834917
48,63,GS_cluster_193896937_193901000_2526973953_956503884,3,0.42857142857142855,0.00028159098908834917
48,63,GS_cluster_223768576_223768772_223769676,3,0.42857142857142855,0.00028159098908834917
48,63,GS_cluster_2386406068_2386406069_310983598_32902785,2,0.42857142857142855,0.00028159098908834917
48,63,GS_cluster_239676543_239676949_490541043_490541044,3,0.42857142857142855,0.00028159098908834917
48,63,GS_cluster_243889728_255157093,3,0.42857142857142855,0.00028159098908834917
48,63,GS_cluster_253816661_253816670,0,0.42857142857142855,0.00028159098908834917
48,63,GS_cluster_253830876_253830877,4,0.42857142857142855,0.00028159098908834917
48,63,GS_cluster_255381543_312412116_315215123_32902786,1,0.42857142857142855,0.00028159098908834917
48,63,cluster_1402121584_2273191303_3734996876_4213981066,0,0.42857142857142855,0.00028159098908834917
48,63,cluster_1457897145_1457897151_1457897234_1829205101_#2more,0,0.42857142857142855,0.00028159098908834917
48,63,cluster_191015674_240636109,3,0.42857142857142855,0.00028159098908834917
48,63,cluster_194318778_223860463,2,0.42857142857142855,0.00028159098908834917
48,63,cluster_194370890_194370892_6383385990,4,0.42857142857142855,0.00028159098908834917
48,63,cluster_236007627_236007629,4,0.42857142857142855,0.00028159098908834917
48,63,cluster_2387345775_8660110932,1,0.42857142857142855,0.00028159098908834917
48,63,joinedS_223673500_310986270_5005784727_9277804071,4,0.42857142857142855,0.00028159098908834917
48,63,joinedS_cluster_192603469_255381549_3903527581_cluster_2385586901_255381611_32904045,1,0.42857142857142855,0.00028159098908834917
49,65,1407769410,0,0.38461538461538464,0.00028159098908834917
49,65,1407769424,4,0.38461538461538464,0.00028159098908834917
49,65,311194425,3,0.38461538461538464,0.00028159098908834917
49,65,GS_cluster_1150106029_1150106038_1150106046_179162926,4,0.38461538461538464,0.00028159098908834917
49,65,GS_cluster_11610500593_186913340,0,0.38461538461538464,0.00028159098908834917
49,65,GS_cluster_151014883_192048063_193875691_312411075,2,0.38461538461538464,0.00028159098908834917
49,65,GS_cluster_178816046_533885875_946783180_946783246,4,0.38461538461538464,0.00028159098908834917
49,65,GS_cluster_181310361_255157088_255157309_312307082,2,0.38461538461538464,0.00028159098908834917
49,65,GS_cluster_1829205187_1830275193_412647220,0,0.38461538461538464,0.00028159098908834917
49,65,GS_cluster_183575304_191009058,4,0.38461538461538464,0.00028159098908834917
49,65,GS_cluster_192610447_2701087637_2701087639_312411627,4,0.38461538461538464,0.00028159098908834917
49,65,GS_cluster_193896937_193901000_2526973953_956503884,4,0.38461538461538464,0.00028159098908834917
49,65,GS_cluster_223768576_223768772_223769676,4,0.38461538461538464,0.00028159098908834917
49,65,GS_cluster_2386406068_2386406069_310983598_32902785,2,0.38461538461538464,0.00028159098908834917
49,65,GS_cluster_239676543_239676949_490541043_490541044,3,0.38461538461538464,0.00028159098908834917
49,65,GS_cluster_243889728_255157093,3,0.38461538461538464,0.00028159098908834917
49,65,GS_cluster_253816661_253816670,0,0.38461538461538464,0.00028159098908834917
49,65,GS_cluster_253830876_253830877,4,0.38461538461538464,0.00028159098908834917
49,65,GS_cluster_255381543_312412116_315215123_32902786,2,0.38461538461538464,0.00028159098908834917
49,65,cluster_1402121584_2273191303_3734996876_4213981066,1,0.38461538461538464,0.00028159098908834917
49,65,cluster_1457897145_1457897151_1457897234_1829205101_#2more,0,0.38461538461538464,0.00028159098908834917
49,65,cluster_191015674_240636109,4,0.38461538461538464,0.00028159098908834917
49,65,cluster_194318778_223860463,2,0.38461538461538464,0.00028159098908834917
49,65,cluster_194370890_194370892_6383385990,4,0.38461538461538464,0.00028159098908834917
49,65,cluster_236007627_236007629,4,0.38461538461538464,0.00028159098908834917
49,65,cluster_2387345775_8660110932,1,0.38461538461538464,0.00028159098908834917
49,65,joinedS_223673500_310986270_5005784727_9277804071,4,0.38461538461538464,0.00028159098908834917
49,65,joinedS_cluster_192603469_255381549_3903527581_cluster_2385586901_255381611_32904045,1,0.38461538461538464,0.00028159098908834917
50,66,1407769410,1,0.42424242424242425,0.00028159098908834917
50,66,1407769424,5,0.42424242424242425,0.00028159098908834917
50,66,311194425,0,0.42424242424242425,0.00028159098908834917
50,66,GS_cluster_1150106029_1150106038_1150106046_179162926,4,0.42424242424242425,0.00028159098908834917
50,66,GS_cluster_11610500593_186913340,1,0.42424242424242425,0.00028159098908834917
50,66,GS_cluster_151014883_192048063_193875691_312411075,2,0.42424242424242425,0.00028159098908834917
50,66,GS_cluster_178816046_533885875_946783180_946783246,4,0.42424242424242425,0.00028159098908834917
50,66,GS_cluster_181310361_255157088_255157309_312307082,2,0.42424242424242425,0.00028159098908834917
50,66,GS_cluster_1829205187_1830275193_412647220,0,0.42424242424242425,0.00028159098908834917
50,66,GS_cluster_183575304_191009058,4,0.42424242424242425,0.00028159098908834917
50,66,GS_cluster_192610447_2701087637_2701087639_312411627,4,0.42424242424242425,0.00028159098908834917
50,66,GS_cluster_193896937_193901000_2526973953_956503884,4,0.42424242424242425,0.00028159098908834917
50,66,GS_cluster_223768576_223768772_223769676,4,0.42424242424242425,0.00028159098908834917
50,66,GS_cluster_2386406068_2386406069_310983598_32902785,2,0.42424242424242425,0.00028159098908834917
50,66,GS_cluster_239676543_239676949_490541043_490541044,4,0.42424242424242425,0.00028159098908834917
50,66,GS_cluster_243889728_255157093,0,0.42424242424242425,0.00028159098908834917
50,66,GS_cluster_253816661_253816670,1,0.42424242424242425,0.00028159098908834917
50,66,GS_cluster_253830876_253830877,4,0.42424242424242425,0.00028159098908834917
50,66,GS_cluster_255381543_312412116_315215123_32902786,2,0.42424242424242425,0.00028159098908834917
50,66,cluster_1402121584_2273191303_3734996876_4213981066,1,0.42424242424242425,0.00028159098908834917
50,66,cluster_1457897145_1457897151_1457897234_1829205101_#2more,0,0.42424242424242425,0.00028159098908834917
50,66,cluster_191015674_240636109,4,0.42424242424242425,0.00028159098908834917
50,66,cluster_194318778_223860463,2,0.42424242424242425,0.00028159098908834917
50,66,cluster_194370890_194370892_6383385990,5,0.42424242424242425,0.00028159098908834917
50,66,cluster_236007627_236007629,4,0.42424242424242425,0.00028159098908834917
50,66,cluster_2387345775_8660110932,1,0.42424242424242425,0.00028159098908834917
50,66,joinedS_223673500_310986270_5005784727_9277804071,4,0.42424242424242425,0.00028159098908834917
50,66,joinedS_cluster_192603469_255381549_3903527581_cluster_2385586901_255381611_32904045,1,0.42424242424242425,0.00028159098908834917
51,67,1407769410,2,0.47761194029850745,0.00035198873636043646
51,67,1407769424,0,0.47761194029850745,0.00035198873636043646
51,67,311194425,1,0.47761194029850745,0.00035198873636043646
51,67,GS_cluster_1150106029_1150106038_1150106046_179162926,0,0.47761194029850745,0.00035198873636043646
51,67,GS_cluster_11610500593_186913340,2,0.47761194029850745,0.00035198873636043646
51,67,GS_cluster_151014883_192048063_193875691_312411075,3,0.47761194029850745,0.00035198873636043646
51,67,GS_cluster_178816046_533885875_946783180_946783246,5,0.47761194029850745,0.00035198873636043646
51,67,GS_cluster_181310361_255157088_255157309_312307082,3,0.47761194029850745,0.00035198873636043646
51,67,GS_cluster_1829205187_1830275193_412647220,1,0.47761194029850745,0.00035198873636043646
51,67,GS_cluster_183575304_191009058,0,0.47761194029850745,0.00035198873636043646
51,67,GS_cluster_192610447_2701087637_2701087639_312411627,5,0.47761194029850745,0.00035198873636043646
51,67,GS_cluster_193896937_193901000_2526973953_956503884,5,0.47761194029850745,0.00035198873636043646
51,67,GS_cluster_223768576_223768772_223769676,5,0.47761194029850745,0.00035198873636043646
51,67,GS_cluster_2386406068_2386406069_310983598_32902785,3,0.47761194029850745,0.00035198873636043646
51,67,GS_cluster_239676543_239676949_490541043_490541044,5,0.47761194029850745,0.00035198873636043646
51,67,GS_cluster_243889728_255157093,1,0.47761194029850745,0.00035198873636043646
51,67,GS_cluster_253816661_253816670,2,0.47761194029850745,0.00035198873636043646
51,67,GS_cluster_253830876_253830877,0,0.47761194029850745,0.00035198873636043646
51,67,GS_cluster_255381543_312412116_315215123_32902786,3,0.47761194029850745,0.00035198873636043646
51,67,cluster_1402121584_2273191303_3734996876_4213981066,2,0.47761194029850745,0.00035198873636043646
51,67,cluster_1457897145_1457897151_1457897234_1829205101_#2more,1,0.47761194029850745,0.00035198873636043646
51,67,cluster_191015674_240636109,5,0.47761194029850745,0.00035198873636043646
51,67,cluster_194318778_223860463,3,0.47761194029850745,0.00035198873636043646
51,67,cluster_194370890_194370892_6383385990,0,0.47761194029850745,0.00035198873636043646
51,67,cluster_236007627_236007629,0,0.47761194029850745,0.00035198873636043646
51,67,cluster_2387345775_8660110932,3,0.47761194029850745,0.00035198873636043646
51,67,joinedS_223673500_310986270_5005784727_9277804071,5,0.47761194029850745,0.00035198873636043646
51,67,joinedS_cluster_192603469_255381549_3903527581_cluster_2385586901_255381611_32904045,3,0.47761194029850745,0.00035198873636043646
52,68,1407769410,2,0.5,0.00042238648363252375
52,68,1407769424,0,0.5,0.00042238648363252375
52,68,311194425,1,0.5,0.00042238648363252375
52,68,GS_cluster_1150106029_1150106038_1150106046_179162926,0,0.5,0.00042238648363252375
52,68,GS_cluster_11610500593_186913340,2,0.5,0.00042238648363252375
52,68,GS_cluster_151014883_192048063_193875691_312411075,3,0.5,0.00042238648363252375
52,68,GS_cluster_178816046_533885875_946783180_946783246,5,0.5,0.00042238648363252375
52,68,GS_cluster_181310361_255157088_255157309_312307082,3,0.5,0.00042238648363252375
52,68,GS_cluster_1829205187_1830275193_412647220,2,0.5,0.00042238648363252375
52,68,GS_cluster_183575304_191009058,0,0.5,0.00042238648363252375
52,68,GS_cluster_192610447_2701087637_2701087639_312411627,0,0.5,0.00042238648363252375
52,68,GS_cluster_193896937_193901000_2526973953_956503884,5,0.5,0.00042238648363252375
52,68,GS_cluster_223768576_223768772_223769676,5,0.5,0.00042238648363252375
52,68,GS_cluster_2386406068_2386406069_310983598_32902785,3,0.5,0.00042238648363252375
52,68,GS_cluster_239676543_239676949_490541043_490541044,5,0.5,0.00042238648363252375
52,68,GS_cluster_243889728_255157093,1,0.5,0.00042238648363252375
52,68,GS_cluster_253816661_253816670,2,0.5,0.00042238648363252375
52,68,GS_cluster_253830876_253830877,0,0.5,0.00042238648363252375
52,68,GS_cluster_255381543_312412116_315215123_32902786,3,0.5,0.00042238648363252375
52,68,cluster_1402121584_2273191303_3734996876_4213981066,3,0.5,0.00042238648363252375
52,68,cluster_1457897145_1457897151_1457897234_1829205101_#2more,2,0.5,0.00042238648363252375
52,68,cluster_191015674_240636109,5,0.5,0.00042238648363252375
52,68,cluster_194318778_223860463,3,0.5,0.00042238648363252375
52,68,cluster_194370890_194370892_6383385990,0,0.5,0.00042238648363252375
52,68,cluster_236007627_236007629,0,0.5,0.00042238648363252375
52,68,cluster_2387345775_8660110932,3,0.5,0.00042238648363252375
52,68,joinedS_223673500_310986270_5005784727_9277804071,5,0.5,0.00042238648363252375
52,68,joinedS_cluster_192603469_255381549_3903527581_cluster_2385586901_255381611_32904045,3,0.5,0.00042238648363252375
53,70,1407769410,3,0.5714285714285714,0.0004927842309046111
53,70,1407769424,1,0.5714285714285714,0.0004927842309046111
53,70,311194425,1,0.5714285714285714,0.0004927842309046111
53,70,GS_cluster_1150106029_1150106038_1150106046_179162926,0,0.5714285714285714,0.0004927842309046111
53,70,GS_cluster_11610500593_186913340,3,0.5714285714285714,0.0004927842309046111
53,70,GS_cluster_151014883_192048063_193875691_312411075,3,0.5714285714285714,0.0004927842309046111
53,70,GS_cluster_178816046_533885875_946783180_946783246,5,0.5714285714285714,0.0004927842309046111
53,70,GS_cluster_181310361_255157088_255157309_312307082,3,0.5714285714285714,0.0004927842309046111
53,70,GS_cluster_1829205187_1830275193_412647220,2,0.5714285714285714,0.0004927842309046111
53,70,GS_cluster_183575304_191009058,0,0.5714285714285714,0.0004927842309046111
53,70,GS_cluster_192610447_2701087637_2701087639_312411627,0,0.5714285714285714,0.0004927842309046111
53,70,GS_cluster_193896937_193901000_2526973953_956503884,5,0.5714285714285714,0.0004927842309046111
53,70,GS_cluster_223768576_223768772_223769676,5,0.5714285714285714,0.0004927842309046111
53,70,GS_cluster_2386406068_2386406069_310983598_32902785,3,0.5714285714285714,0.0004927842309046111
53,70,GS_cluster_239676543_239676949_490541043_490541044,5,0.5714285714285714,0.0004927842309046111
53,70,GS_cluster_243889728_255157093,1,0.5714285714285714,0.0004927842309046111
53,70,GS_cluster_253816661_253816670,2,0.5714285714285714,0.0004927842309046111
53,70,GS_cluster_253830876_253830877,0,0.5714285714285714,0.0004927842309046111
53,70,GS_cluster_255381543_312412116_315215123_32902786,3,0.5714285714285714,0.0004927842309046111
53,70,cluster_1402121584_2273191303_3734996876_4213981066,3,0.5714285714285714,0.0004927842309046111
53,70,cluster_1457897145_1457897151_1457897234_1829205101_#2more,2,0.5714285714285714,0.0004927842309046111
53,70,cluster_191015674_240636109,5,0.5714285714285714,0.0004927842309046111
53,70,cluster_194318778_223860463,3,0.5714285714285714,0.0004927842309046111
53,70,cluster_194370890_194370892_6383385990,1,0.5714285714285714,0.0004927842309046111
53,70,cluster_236007627_236007629,0,0.5714285714285714,0.0004927842309046111
53,70,cluster_2387345775_8660110932,3,0.5714285714285714,0.0004927842309046111
53,70,joinedS_223673500_310986270_5005784727_9277804071,5,0.5714285714285714,0.0004927842309046111
53,70,joinedS_cluster_192603469_255381549_3903527581_cluster_2385586901_255381611_32904045,3,0.5714285714285714,0.0004927842309046111
54,71,1407769410,3,0.647887323943662,0.0004927842309046111
54,71,1407769424,1,0.647887323943662,0.0004927842309046111
54,71,311194425,1,0.647887323943662,0.0004927842309046111
54,71,GS_cluster_1150106029_1150106038_1150106046_179162926,0,0.647887323943662,0.0004927842309046111
54,71,GS_cluster_11610500593_186913340,3,0.647887323943662,0.0004927842309046111
54,71,GS_cluster_151014883_192048063_193875691_312411075,3,0.647887323943662,0.0004927842309046111
54,71,GS_cluster_178816046_533885875_946783180_946783246,6,0.647887323943662,0.0004927842309046111
54,71,GS_cluster_181310361_255157088_255157309_312307082,3,0.647887323943662,0.0004927842309046111
54,71,GS_cluster_1829205187_1830275193_412647220,2,0.647887323943662,0.0004927842309046111
54,71,GS_cluster_183575304_191009058,0,0.647887323943662,0.0004927842309046111
54,71,GS_cluster_192610447_2701087637_2701087639_312411627,0,0.647887323943662,0.0004927842309046111
54,71,GS_cluster_193896937_193901000_2526973953_956503884,6,0.647887323943662,0.0004927842309046111
54,71,GS_cluster_223768576_223768772_223769676,6,0.647887323943662,0.0004927842309046111
54,71,GS_cluster_2386406068_2386406069_310983598_32902785,3,0.647887323943662,0.0004927842309046111
54,71,GS_cluster_239676543_239676949_490541043_490541044,5,0.647887323943662,0.0004927842309046111
54,71,GS_cluster_243889728_255157093,1,0.647887323943662,0.0004927842309046111
54,71,GS_cluster_253816661_253816670,2,0.647887323943662,0.0004927842309046111
54,71,GS_cluster_253830876_253830877,0,0.647887323943662,0.0004927842309046111
54,71,GS_cluster_255381543_312412116_315215123_32902786,3,0.647887323943662,0.0004927842309046111
54,71,cluster_1402121584_2273191303_3734996876_4213981066,3,0.647887323943662,0.0004927842309046111
54,71,cluster_1457897145_1457897151_1457897234_1829205101_#2more,2,0.647887323943662,0.0004927842309046111
54,71,cluster_191015674_240636109,6,0.647887323943662,0.0004927842309046111
54,71,cluster_194318778_223860463,3,0.647887323943662,0.0004927842309046111
54,71,cluster_194370890_194370892_6383385990,1,0.647887323943662,0.0004927842309046111
54,71,cluster_236007627_236007629,0,0.647887323943662,0.0004927842309046111
54,71,cluster_2387345775_8660110932,3,0.647887323943662,0.0004927842309046111
54,71,joinedS_223673500_310986270_5005784727_9277804071,5,0.647887323943662,0.0004927842309046111
54,71,joinedS_cluster_192603469_255381549_3903527581_cluster_2385586901_255381611_32904045,3,0.647887323943662,0.0004927842309046111
55,72,1407769410,3,0.7222222222222222,0.00042238648363252375
55,72,1407769424,1,0.7222222222222222,0.00042238648363252375
55,72,311194425,1,0.7222222222222222,0.00042238648363252375
55,72,GS_cluster_1150106029_1150106038_1150106046_179162926,0,0.7222222222222222,0.00042238648363252375
55,72,GS_cluster_11610500593_186913340,3,0.7222222222222222,0.00042238648363252375
55,72,GS_cluster_151014883_192048063_193875691_312411075,3,0.7222222222222222,0.00042238648363252375
55,72,GS_cluster_178816046_533885875_946783180_946783246,6,0.7222222222222222,0.00042238648363252375
55,72,GS_cluster_181310361_255157088_255157309_312307082,3,0.7222222222222222,0.00042238648363252375
55,72,GS_cluster_1829205187_1830275193_412647220,2,0.7222222222222222,0.00042238648363252375
55,72,GS_cluster_183575304_191009058,0,0.7222222222222222,0.00042238648363252375
55,72,GS_cluster_192610447_2701087637_2701087639_312411627,0,0.7222222222222222,0.00042238648363252375
55,72,GS_cluster_193896937_193901000_2526973953_956503884,6,0.7222222222222222,0.00042238648363252375
55,72,GS_cluster_223768576_223768772_223769676,6,0.7222222222222222,0.00042238648363252375
55,72,GS_cluster_2386406068_2386406069_310983598_32902785,3,0.7222222222222222,0.00042238648363252375
55,72,GS_cluster_239676543_239676949_490541043_490541044,5,0.7222222222222222,0.00042238648363252375
55,72,GS_cluster_243889728_255157093,1,0.7222222222222222,0.00042238648363252375
55,72,GS_cluster_253816661_253816670,3,0.7222222222222222,0.00042238648363252375
55,72,GS_cluster_253830876_253830877,0,0.7222222222222222,0.00042238648363252375
55,72,GS_cluster_255381543_312412116_315215123_32902786,3,0.7222222222222222,0.00042238648363252375
55,72,cluster_1402121584_2273191303_3734996876_4213981066,3,0.7222222222222222,0.00042238648363252375
55,72,cluster_1457897145_1457897151_1457897234_1829205101_#2more,2,0.7222222222222222,0.00042238648363252375
55,72,cluster_191015674_240636109,6,0.7222222222222222,0.00042238648363252375
55,72,cluster_194318778_223860463,3,0.7222222222222222,0.00042238648363252375
55,72,cluster_194370890_194370892_6383385990,1,0.7222222222222222,0.00042238648363252375
55,72,cluster_236007627_236007629,0,0.7222222222222222,0.00042238648363252375
55,72,cluster_2387345775_8660110932,3,0.7222222222222222,0.00042238648363252375
55,72,joinedS_223673500_310986270_5005784727_9277804071,5,0.7222222222222222,0.00042238648363252375
55,72,joinedS_cluster_192603469_255381549_3903527581_cluster_2385586901_255381611_32904045,3,0.7222222222222222,0.00042238648363252375
56,74,1407769410,0,0.7837837837837838,0.00042238648363252375
56,74,1407769424,2,0.7837837837837838,0.00042238648363252375
56,74,311194425,1,0.7837837837837838,0.00042238648363252375
56,74,GS_cluster_1150106029_1150106038_1150106046_179162926,0,0.7837837837837838,0.00042238648363252375
56,74,GS_cluster_11610500593_186913340,0,0.7837837837837838,0.00042238648363252375
56,74,GS_cluster_151014883_192048063_193875691_312411075,3,0.7837837837837838,0.00042238648363252375
56,74,GS_cluster_178816046_533885875_946783180_946783246,6,0.7837837837837838,0.00042238648363252375
56,74,GS_cluster_181310361_255157088_255157309_312307082,3,0.7837837837837838,0.00042238648363252375
56,74,GS_cluster_1829205187_1830275193_412647220,2,0.7837837837837838,0.00042238648363252375
56,74,GS_cluster_183575304_191009058,0,0.7837837837837838,0.00042238648363252375
56,74,GS_cluster_192610447_2701087637_2701087639_312411627,0,0.7837837837837838,0.00042238648363252375
56,74,GS_cluster_193896937_193901000_2526973953_956503884,6,0.7837837837837838,0.00042238648363252375
56,74,GS_cluster_223768576_223768772_223769676,6,0.7837837837837838,0.00042238648363252375
56,74,GS_cluster_2386406068_2386406069_310983598_32902785,3,0.7837837837837838,0.00042238648363252375
56,74,GS_cluster_239676543_239676949_490541043_490541044,5,0.7837837837837838,0.00042238648363252375
56,74,GS_cluster_243889728_255157093,1,0.7837837837837838,0.00042238648363252375
56,74,GS_cluster_253816661_253816670,3,0.7837837837837838,0.00042238648363252375
56,74,GS_cluster_253830876_253830877,0,0.7837837837837838,0.00042238648363252375
56,74,GS_cluster_255381543_312412116_315215123_32902786,3,0.7837837837837838,0.00042238648363252375
56,74,cluster_1402121584_2273191303_3734996876_4213981066,3,0.7837837837837838,0.00042238648363252375
56,74,cluster_1457897145_1457897151_1457897234_1829205101_#2more,2,0.7837837837837838,0.00042238648363252375
56,74,cluster_191015674_240636109,6,0.7837837837837838,0.00042238648363252375
56,74,cluster_194318778_223860463,3,0.7837837837837838,0.00042238648363252375
56,74,cluster_194370890_194370892_6383385990,2,0.7837837837837838,0.00042238648363252375
56,74,cluster_236007627_236007629,0,0.7837837837837838,0.00042238648363252375
56,74,cluster_2387345775_8660110932,3,0.7837837837837838,0.00042238648363252375
56,74,joinedS_223673500_310986270_5005784727_9277804071,0,0.7837837837837838,0.00042238648363252375
56,74,joinedS_cluster_192603469_255381549_3903527581_cluster_2385586901_255381611_32904045,3,0.7837837837837838,0.00042238648363252375
57,75,1407769410,0,0.8,0.0005631819781766983
57,75,1407769424,2,0.8,0.0005631819781766983
57,75,311194425,1,0.8,0.0005631819781766983
57,75,GS_cluster_1150106029_1150106038_1150106046_179162926,0,0.8,0.0005631819781766983
57,75,GS_cluster_11610500593_186913340,0,0.8,0.0005631819781766983
57,75,GS_cluster_151014883_192048063_193875691_312411075,3,0.8,0.0005631819781766983
57,75,GS_cluster_178816046_533885875_946783180_946783246,6,0.8,0.0005631819781766983
57,75,GS_cluster_181310361_255157088_255157309_312307082,4,0.8,0.0005631819781766983
57,75,GS_cluster_1829205187_1830275193_412647220,2,0.8,0.0005631819781766983
57,75,GS_cluster_183575304_191009058,0,0.8,0.0005631819781766983
57,75,GS_cluster_192610447_2701087637_2701087639_312411627,0,0.8,0.0005631819781766983
57,75,GS_cluster_193896937_193901000_2526973953_956503884,6,0.8,0.0005631819781766983
57,75,GS_cluster_223768576_223768772_223769676,6,0.8,0.0005631819781766983
57,75,GS_cluster_2386406068_2386406069_310983598_32902785,4,0.8,0.0005631819781766983
57,75,GS_cluster_239676543_239676949_490541043_490541044,5,0.8,0.0005631819781766983
57,75,GS_cluster_243889728_255157093,1,0.8,0.0005631819781766983
57,75,GS_cluster_253816661_253816670,3,0.8,0.0005631819781766983
57,75,GS_cluster_253830876_253830877,0,0.8,0.0005631819781766983
57,75,GS_cluster_255381543_312412116_315215123_32902786,3,0.8,0.0005631819781766983
57,75,cluster_1402121584_2273191303_3734996876_4213981066,4,0.8,0.0005631819781766983
57,75,cluster_1457897145_1457897151_1457897234_1829205101_#2more,2,0.8,0.0005631819781766983
57,75,cluster_191015674_240636109,6,0.8,0.0005631819781766983
57,75,cluster_194318778_223860463,4,0.8,0.0005631819781766983
57,75,cluster_194370890_194370892_6383385990,2,0.8,0.0005631819781766983
57,75,cluster_236007627_236007629,0,0.8,0.0005631819781766983
57,75,cluster_2387345775_8660110932,0,0.8,0.0005631819781766983
57,75,joinedS_223673500_310986270_5005784727_9277804071,0,0.8,0.0005631819781766983
57,75,joinedS_cluster_192603469_255381549_3903527581_cluster_2385586901_255381611_32904045,4,0.8,0.0005631819781766983
58,76,1407769410,0,0.881578947368421,0.0004927842309046111
58,76,1407769424,2,0.881578947368421,0.0004927842309046111
58,76,311194425,2,0.881578947368421,0.0004927842309046111
58,76,GS_cluster_1150106029_1150106038_1150106046_179162926,0,0.881578947368421,0.0004927842309046111
58,76,GS_cluster_11610500593_186913340,0,0.881578947368421,0.0004927842309046111
58,76,GS_cluster_151014883_192048063_193875691_312411075,4,0.881578947368421,0.0004927842309046111
58,76,GS_cluster_178816046_533885875_946783180_946783246,6,0.881578947368421,0.0004927842309046111
58,76,GS_cluster_181310361_255157088_255157309_312307082,4,0.881578947368421,0.0004927842309046111
58,76,GS_cluster_1829205187_1830275193_412647220,2,0.881578947368421,0.0004927842309046111
58,76,GS_cluster_183575304_191009058,0,0.881578947368421,0.0004927842309046111
58,76,GS_cluster_192610447_2701087637_2701087639_312411627,0,0.881578947368421,0.0004927842309046111
58,76,GS_cluster_193896937_193901000_2526973953_956503884,6,0.881578947368421,0.0004927842309046111
58,76,GS_cluster_223768576_223768772_223769676,6,0.881578947368421,0.0004927842309046111
58,76,GS_cluster_2386406068_2386406069_310983598_32902785,4,0.881578947368421,0.0004927842309046111
58,76,GS_cluster_239676543_239676949_490541043_490541044,6,0.881578947368421,0.0004927842309046111
58,76,GS_cluster_243889728_255157093,2,0.881578947368421,0.0004927842309046111
58,76,GS_cluster_253816661_253816670,3,0.881578947368421,0.0004927842309046111
58,76,GS_cluster_253830876_253830877,0,0.881578947368421,0.0004927842309046111
58,76,GS_cluster_255381543_312412116_315215123_32902786,3,0.881578947368421,0.0004927842309046111
58,76,cluster_1402121584_2273191303_3734996876_4213981066,4,0.881578947368421,0.0004927842309046111
58,76,cluster_1457897145_1457897151_1457897234_1829205101_#2more,2,0.881578947368421,0.0004927842309046111
58,76,cluster_191015674_240636109,6,0.881578947368421,0.0004927842309046111
58,76,cluster_194318778_223860463,4,0.881578947368421,0.0004927842309046111
58,76,cluster_194370890_194370892_6383385990,2,0.881578947368421,0.0004927842309046111
58,76,cluster_236007627_236007629,0,0.881578947368421,0.0004927842309046111
58,76,cluster_2387345775_8660110932,0,0.881578947368421,0.0004927842309046111
58,76,joinedS_223673500_310986270_5005784727_9277804071,0,0.881578947368421,0.0004927842309046111
58,76,joinedS_cluster_192603469_255381549_3903527581_cluster_2385586901_255381611_32904045,4,0.881578947368421,0.0004927842309046111
59,78,1407769410,0,0.9615384615384616,0.0006335797254487857
59,78,1407769424,2,0.9615384615384616,0.0006335797254487857
59,78,311194425,2,0.9615384615384616,0.0006335797254487857
59,78,GS_cluster_1150106029_1150106038_1150106046_179162926,0,0.9615384615384616,0.0006335797254487857
59,78,GS_cluster_11610500593_186913340,0,0.9615384615384616,0.0006335797254487857
59,78,GS_cluster_151014883_192048063_193875691_312411075,4,0.9615384615384616,0.0006335797254487857
59,78,GS_cluster_178816046_533885875_946783180_946783246,7,0.9615384615384616,0.0006335797254487857
59,78,GS_cluster_181310361_255157088_255157309_312307082,4,0.9615384615384616,0.0006335797254487857
59,78,GS_cluster_1829205187_1830275193_412647220,2,0.9615384615384616,0.0006335797254487857
59,78,GS_cluster_183575304_191009058,0,0.9615384615384616,0.0006335797254487857
59,78,GS_cluster_192610447_2701087637_2701087639_312411627,0,0.9615384615384616,0.0006335797254487857
59,78,GS_cluster_193896937_193901000_2526973953_956503884,6,0.9615384615384616,0.0006335797254487857
59,78,GS_cluster_223768576_223768772_223769676,7,0.9615384615384616,0.0006335797254487857
59,78,GS_cluster_2386406068_2386406069_310983598_32902785,4,0.9615384615384616,0.0006335797254487857
59,78,GS_cluster_239676543_239676949_490541043_490541044,6,0.9615384615384616,0.0006335797254487857
59,78,GS_cluster_243889728_255157093,2,0.9615384615384616,0.0006335797254487857
59,78,GS_cluster_253816661_253816670,3,0.9615384615384616,0.0006335797254487857
59,78,GS_cluster_253830876_253830877,0,0.9615384615384616,0.0006335797254487857
59,78,GS_cluster_255381543_312412116_315215123_32902786,3,0.9615384615384616,0.0006335797254487857
59,78,cluster_1402121584_2273191303_3734996876_4213981066,4,0.9615384615384616,0.0006335797254487857
59,78,cluster_1457897145_1457897151_1457897234_1829205101_#2more,2,0.9615384615384616,0.0006335797254487857
59,78,cluster_191015674_240636109,7,0.9615384615384616,0.0006335797254487857
59,78,cluster_194318778_223860463,4,0.9615384615384616,0.0006335797254487857
59,78,cluster_194370890_194370892_6383385990,2,0.9615384615384616,0.0006335797254487857
59,78,cluster_236007627_236007629,0,0.9615384615384616,0.0006335797254487857
59,78,cluster_2387345775_8660110932,0,0.9615384615384616,0.0006335797254487857
59,78,joinedS_223673500_310986270_5005784727_9277804071,0,0.9615384615384616,0.0006335797254487857
59,78,joinedS_cluster_192603469_255381549_3903527581_cluster_2385586901_255381611_32904045,4,0.9615384615384616,0.0006335797254487857
60,79,1407769410,0,1.0,0.0005631819781766983
60,79,1407769424,2,1.0,0.0005631819781766983
60,79,311194425,2,1.0,0.0005631819781766983
60,79,GS_cluster_1150106029_1150106038_1150106046_179162926,0,1.0,0.0005631819781766983
60,79,GS_cluster_11610500593_186913340,0,1.0,0.0005631819781766983
60,79,GS_cluster_151014883_192048063_193875691_312411075,4,1.0,0.0005631819781766983
60,79,GS_cluster_178816046_533885875_946783180_946783246,7,1.0,0.0005631819781766983
60,79,GS_cluster_181310361_255157088_255157309_312307082,4,1.0,0.0005631819781766983
60,79,GS_cluster_1829205187_1830275193_412647220,3,1.0,0.0005631819781766983
60,79,GS_cluster_183575304_191009058,0,1.0,0.0005631819781766983
60,79,GS_cluster_192610447_2701087637_2701087639_312411627,0,1.0,0.0005631819781766983
60,79,GS_cluster_193896937_193901000_2526973953_956503884,7,1.0,0.0005631819781766983
60,79,GS_cluster_223768576_223768772_223769676,7,1.0,0.0005631819781766983
60,79,GS_cluster_2386406068_2386406069_310983598_32902785,4,1.0,0.0005631819781766983
60,79,GS_cluster_239676543_239676949_490541043_490541044,6,1.0,0.0005631819781766983
60,79,GS_cluster_243889728_255157093,2,1.0,0.0005631819781766983
60,79,GS_cluster_253816661_253816670,0,1.0,0.0005631819781766983
60,79,GS_cluster_253830876_253830877,0,1.0,0.0005631819781766983
60,79,GS_cluster_255381543_312412116_315215123_32902786,3,1.0,0.0005631819781766983
60,79,cluster_1402121584_2273191303_3734996876_4213981066,5,1.0,0.0005631819781766983
60,79,cluster_1457897145_1457897151_1457897234_1829205101_#2more,3,1.0,0.0005631819781766983
60,79,cluster_191015674_240636109,7,1.0,0.0005631819781766983
60,79,cluster_194318778_223860463,4,1.0,0.0005631819781766983
60,79,cluster_194370890_194370892_6383385990,2,1.0,0.0005631819781766983
60,79,cluster_236007627_236007629,0,1.0,0.0005631819781766983
60,79,cluster_2387345775_8660110932,0,1.0,0.0005631819781766983
60,79,joinedS_223673500_310986270_5005784727_9277804071,0,1.0,0.0005631819781766983
60,79,joinedS_cluster_192603469_255381549_3903527581_cluster_2385586901_255381611_32904045,4,1.0,0.0005631819781766983
61,80,1407769410,2,0.9125,0.00042238648363252375
61,80,1407769424,4,0.9125,0.00042238648363252375
61,80,311194425,3,0.9125,0.00042238648363252375
61,80,GS_cluster_1150106029_1150106038_1150106046_179162926,1,0.9125,0.00042238648363252375
61,80,GS_cluster_11610500593_186913340,2,0.9125,0.00042238648363252375
61,80,GS_cluster_151014883_192048063_193875691_312411075,5,0.9125,0.00042238648363252375
61,80,GS_cluster_178816046_533885875_946783180_946783246,0,0.9125,0.00042238648363252375
61,80,GS_cluster_181310361_255157088_255157309_312307082,5,0.9125,0.00042238648363252375
61,80,GS_cluster_1829205187_1830275193_412647220,4,0.9125,0.00042238648363252375
61,80,GS_cluster_183575304_191009058,1,0.9125,0.00042238648363252375
61,80,GS_cluster_192610447_2701087637_2701087639_312411627,2,0.9125,0.00042238648363252375
61,80,GS_cluster_193896937_193901000_2526973953_956503884,0,0.9125,0.00042238648363252375
61,80,GS_cluster_223768576_223768772_223769676,0,0.9125,0.00042238648363252375
61,80,GS_cluster_2386406068_2386406069_310983598_32902785,5,0.9125,0.00042238648363252375
61,80,GS_cluster_239676543_239676949_490541043_490541044,7,0.9125,0.00042238648363252375
61,80,GS_cluster_243889728_255157093,3,0.9125,0.00042238648363252375
61,80,GS_cluster_253816661_253816670,1,0.9125,0.00042238648363252375
61,80,GS_cluster_253830876_253830877,1,0.9125,0.00042238648363252375
61,80,GS_cluster_255381543_312412116_315215123_32902786,5,0.9125,0.00042238648363252375
61,80,cluster_1402121584_2273191303_3734996876_4213981066,6,0.9125,0.00042238648363252375
61,80,cluster_1457897145_1457897151_1457897234_1829205101_#2more,4,0.9125,0.00042238648363252375
61,80,cluster_191015674_240636109,0,0.9125,0.00042238648363252375
61,80,cluster_194318778_223860463,5,0.9125,0.00042238648363252375
61,80,cluster_194370890_194370892_6383385990,4,0.9125,0.00042238648363252375
61,80,cluster_236007627_236007629,1,0.9125,0.00042238648363252375
61,80,cluster_2387345775_8660110932,1,0.9125,0.00042238648363252375
61,80,joinedS_223673500_310986270_5005784727_9277804071,1,0.9125,0.00042238648363252375
61,80,joinedS_cluster_192603469_255381549_3903527581_cluster_2385586901_255381611_32904045,5,0.9125,0.00042238648363252375
62,82,1407769410,2,0.9634146341463414,0.0005631819781766983
62,82,1407769424,4,0.9634146341463414,0.0005631819781766983
62,82,311194425,3,0.9634146341463414,0.0005631819781766983
62,82,GS_cluster_1150106029_1150106038_1150106046_179162926,1,0.9634146341463414,0.0005631819781766983
62,82,GS_cluster_11610500593_186913340,2,0.9634146341463414,0.0005631819781766983
62,82,GS_cluster_151014883_192048063_193875691_312411075,5,0.9634146341463414,0.0005631819781766983
62,82,GS_cluster_178816046_533885875_946783180_946783246,0,0.9634146341463414,0.0005631819781766983
62,82,GS_cluster_181310361_255157088_255157309_312307082,5,0.9634146341463414,0.0005631819781766983
62,82,GS_cluster_1829205187_1830275193_412647220,4,0.9634146341463414,0.0005631819781766983
62,82,GS_cluster_183575304_191009058,1,0.9634146341463414,0.0005631819781766983
62,82,GS_cluster_192610447_2701087637_2701087639_312411627,2,0.9634146341463414,0.0005631819781766983
62,82,GS_cluster_193896937_193901000_2526973953_956503884,0,0.9634146341463414,0.0005631819781766983
62,82,GS_cluster_223768576_223768772_223769676,0,0.9634146341463414,0.0005631819781766983
62,82,GS_cluster_2386406068_2386406069_310983598_32902785,5,0.9634146341463414,0.0005631819781766983
62,82,GS_cluster_239676543_239676949_490541043_490541044,7,0.9634146341463414,0.0005631819781766983
62,82,GS_cluster_243889728_255157093,3,0.9634146341463414,0.0005631819781766983
62,82,GS_cluster_253816661_253816670,1,0.9634146341463414,0.0005631819781766983
62,82,GS_cluster_253830876_253830877,1,0.9634146341463414,0.0005631819781766983
62,82,GS_cluster_255381543_312412116_315215123_32902786,5,0.9634146341463414,0.0005631819781766983
62,82,cluster_1402121584_2273191303_3734996876_4213981066,7,0.9634146341463414,0.0005631819781766983
62,82,cluster_1457897145_1457897151_1457897234_1829205101_#2more,4,0.9634146341463414,0.0005631819781766983
62,82,cluster_191015674_240636109,0,0.9634146341463414,0.0005631819781766983
62,82,cluster_194318778_223860463,5,0.9634146341463414,0.0005631819781766983
62,82,cluster_194370890_194370892_6383385990,4,0.9634146341463414,0.0005631819781766983
62,82,cluster_236007627_236007629,1,0.9634146341463414,0.0005631819781766983
62,82,cluster_2387345775_8660110932,1,0.9634146341463414,0.0005631819781766983
62,82,joinedS_223673500_310986270_5005784727_9277804071,1,0.9634146341463414,0.0005631819781766983
62,82,joinedS_cluster_192603469_255381549_3903527581_cluster_2385586901_255381611_32904045,5,0.9634146341463414,0.0005631819781766983
63,83,1407769410,2,1.036144578313253,0.0005631819781766983
63,83,1407769424,4,1.036144578313253,0.0005631819781766983
63,83,311194425,3,1.036144578313253,0.0005631819781766983
63,83,GS_cluster_1150106029_1150106038_1150106046_179162926,2,1.036144578313253,0.0005631819781766983
63,83,GS_cluster_11610500593_186913340,2,1.036144578313253,0.0005631819781766983
63,83,GS_cluster_151014883_192048063_193875691_312411075,5,1.036144578313253,0.0005631819781766983
63,83,GS_cluster_178816046_533885875_946783180_946783246,0,1.036144578313253,0.0005631819781766983
63,83,GS_cluster_181310361_255157088_255157309_312307082,5,1.036144578313253,0.0005631819781766983
63,83,GS_cluster_1829205187_1830275193_412647220,4,1.036144578313253,0.0005631819781766983
63,83,GS_cluster_183575304_191009058,2,1.036144578313253,0.0005631819781766983
63,83,GS_cluster_192610447_2701087637_2701087639_312411627,2,1.036144578313253,0.0005631819781766983
63,83,GS_cluster_193896937_193901000_2526973953_956503884,0,1.036144578313253,0.0005631819781766983
63,83,GS_cluster_223768576_223768772_223769676,0,1.036144578313253,0.0005631819781766983
63,83,GS_cluster_2386406068_2386406069_310983598_32902785,5,1.036144578313253,0.0005631819781766983
63,83,GS_cluster_239676543_239676949_490541043_490541044,7,1.036144578313253,0.0005631819781766983
63,83,GS_cluster_243889728_255157093,3,1.036144578313253,0.0005631819781766983
63,83,GS_cluster_253816661_253816670,1,1.036144578313253,0.0005631819781766983
63,83,GS_cluster_253830876_253830877,2,1.036144578313253,0.0005631819781766983
63,83,GS_cluster_255381543_312412116_315215123_32902786,5,1.036144578313253,0.0005631819781766983
63,83,cluster_1402121584_2273191303_3734996876_4213981066,7,1.036144578313253,0.0005631819781766983
63,83,cluster_1457897145_1457897151_1457897234_1829205101_#2more,4,1.036144578313253,0.0005631819781766983
63,83,cluster_191015674_240636109,0,1.036144578313253,0.0005631819781766983
63,83,cluster_194318778_223860463,5,1.036144578313253,0.0005631819781766983
63,83,cluster_194370890_194370892_6383385990,4,1.036144578313253,0.0005631819781766983
63,83,cluster_236007627_236007629,2,1.036144578313253,0.0005631819781766983
63,83,cluster_2387345775_8660110932,1,1.036144578313253,0.0005631819781766983
63,83,joinedS_223673500_310986270_5005784727_9277804071,1,1.036144578313253,0.0005631819781766983
63,83,joinedS_cluster_192603469_255381549_3903527581_cluster_2385586901_255381611_32904045,5,1.036144578313253,0.0005631819781766983
64,84,1407769410,2,1.1071428571428572,0.0004927842309046111
64,84,1407769424,4,1.1071428571428572,0.0004927842309046111
64,84,311194425,3,1.1071428571428572,0.0004927842309046111
64,84,GS_cluster_1150106029_1150106038_1150106046_179162926,2,1.1071428571428572,0.0004927842309046111
64,84,GS_cluster_11610500593_186913340,2,1.1071428571428572,0.0004927842309046111
64,84,GS_cluster_151014883_192048063_193875691_312411075,5,1.1071428571428572,0.0004927842309046111
64,84,GS_cluster_178816046_533885875_946783180_946783246,1,1.1071428571428572,0.0004927842309046111
64,84,GS_cluster_181310361_255157088_255157309_312307082,5,1.1071428571428572,0.0004927842309046111
64,84,GS_cluster_1829205187_1830275193_412647220,4,1.1071428571428572,0.0004927842309046111
64,84,GS_cluster_183575304_191009058,2,1.1071428571428572,0.0004927842309046111
64,84,GS_cluster_192610447_2701087637_2701087639_312411627,2,1.1071428571428572,0.0004927842309046111
64,84,GS_cluster_193896937_193901000_2526973953_956503884,0,1.1071428571428572,0.0004927842309046111
64,84,GS_cluster_223768576_223768772_223769676,1,1.1071428571428572,0.0004927842309046111
64,84,GS_cluster_2386406068_2386406069_310983598_32902785,5,1.1071428571428572,0.0004927842309046111
64,84,GS_cluster_239676543_239676949_490541043_490541044,7,1.1071428571428572,0.0004927842309046111
64,84,GS_cluster_243889728_255157093,3,1.1071428571428572,0.0004927842309046111
64,84,GS_cluster_253816661_253816670,1,1.1071428571428572,0.0004927842309046111
64,84,GS_cluster_253830876_253830877,2,1.1071428571428572,0.0004927842309046111
64,84,GS_cluster_255381543_312412116_315215123_32902786,5,1.1071428571428572,0.0004927842309046111
64,84,cluster_1402121584_2273191303_3734996876_4213981066,7,1.1071428571428572,0.0004927842309046111
64,84,cluster_1457897145_1457897151_1457897234_1829205101_#2more,4,1.1071428571428572,0.0004927842309046111
64,84,cluster_191015674_240636109,1,1.1071428571428572,0.0004927842309046111
64,84,cluster_194318778_223860463,5,1.1071428571428572,0.0004927842309046111
64,84,cluster_194370890_194370892_6383385990,4,1.1071428571428572,0.0004927842309046111
64,84,cluster_236007627_236007629,2,1.1071428571428572,0.0004927842309046111
64,84,cluster_2387345775_8660110932,1,1.1071428571428572,0.0004927842309046111
64,84,joinedS_223673500_310986270_5005784727_9277804071,1,1.1071428571428572,0.0004927842309046111
64,84,joinedS_cluster_192603469_255381549_3903527581_cluster_2385586901_255381611_32904045,5,1.1071428571428572,0.0004927842309046111
65,86,1407769410,2,1.1744186046511629,0.0007039774727208729
65,86,1407769424,4,1.1744186046511629,0.0007039774727208729
65,86,311194425,3,1.1744186046511629,0.0007039774727208729
65,86,GS_cluster_1150106029_1150106038_1150106046_179162926,2,1.1744186046511629,0.0007039774727208729
65,86,GS_cluster_11610500593_186913340,2,1.1744186046511629,0.0007039774727208729
65,86,GS_cluster_151014883_192048063_193875691_312411075,5,1.1744186046511629,0.0007039774727208729
65,86,GS_cluster_178816046_533885875_946783180_946783246,1,1.1744186046511629,0.0007039774727208729
65,86,GS_cluster_181310361_255157088_255157309_312307082,6,1.1744186046511629,0.0007039774727208729
65,86,GS_cluster_1829205187_1830275193_412647220,5,1.1744186046511629,0.0007039774727208729
65,86,GS_cluster_183575304_191009058,2,1.1744186046511629,0.0007039774727208729
65,86,GS_cluster_192610447_2701087637_2701087639_312411627,2,1.1744186046511629,0.0007039774727208729
65,86,GS_cluster_193896937_193901000_2526973953_956503884,1,1.1744186046511629,0.0007039774727208729
65,86,GS_cluster_223768576_223768772_223769676,1,1.1744186046511629,0.0007039774727208729
65,86,GS_cluster_2386406068_2386406069_310983598_32902785,6,1.1744186046511629,0.0007039774727208729
65,86,GS_cluster_239676543_239676949_490541043_490541044,7,1.1744186046511629,0.0007039774727208729
65,86,GS_cluster_243889728_255157093,3,1.1744186046511629,0.0007039774727208729
65,86,GS_cluster_253816661_253816670,2,1.1744186046511629,0.0007039774727208729
65,86,GS_cluster_253830876_253830877,2,1.1744186046511629,0.0007039774727208729
65,86,GS_cluster_255381543_312412116_315215123_32902786,5,1.1744186046511629,0.0007039774727208729
65,86,cluster_1402121584_2273191303_3734996876_4213981066,8,1.1744186046511629,0.0007039774727208729
65,86,cluster_1457897145_1457897151_1457897234_1829205101_#2more,4,1.1744186046511629,0.0007039774727208729
65,86,cluster_191015674_240636109,1,1.1744186046511629,0.0007039774727208729
65,86,cluster_194318778_223860463,6,1.1744186046511629,0.0007039774727208729
65,86,cluster_194370890_194370892_6383385990,4,1.1744186046511629,0.0007039774727208729
65,86,cluster_236007627_236007629,2,1.1744186046511629,0.0007039774727208729
65,86,cluster_2387345775_8660110932,1,1.1744186046511629,0.0007039774727208729
65,86,joinedS_223673500_310986270_5005784727_9277804071,1,1.1744186046511629,0.0007039774727208729
65,86,joinedS_cluster_192603469_255381549_3903527581_cluster_2385586901_255381611_32904045,5,1.1744186046511629,0.0007039774727208729
66,87,1407769410,3,1.1379310344827587,0.0004927842309046111
66,87,1407769424,5,1.1379310344827587,0.0004927842309046111
66,87,311194425,0,1.1379310344827587,0.0004927842309046111
66,87,GS_cluster_1150106029_1150106038_1150106046_179162926,2,1.1379310344827587,0.0004927842309046111
66,87,GS_cluster_11610500593_186913340,3,1.1379310344827587,0.0004927842309046111
66,87,GS_cluster_151014883_192048063_193875691_312411075,5,1.1379310344827587,0.0004927842309046111
66,87,GS_cluster_178816046_533885875_946783180_946783246,1,1.1379310344827587,0.0004927842309046111
66,87,GS_cluster_181310361_255157088_255157309_312307082,6,1.1379310344827587,0.0004927842309046111
66,87,GS_cluster_1829205187_1830275193_412647220,5,1.1379310344827587,0.0004927842309046111
66,87,GS_cluster_183575304_191009058,2,1.1379310344827587,0.0004927842309046111
66,87,GS_cluster_192610447_2701087637_2701087639_312411627,2,1.1379310344827587,0.0004927842309046111
66,87,GS_cluster_193896937_193901000_2526973953_956503884,1,1.1379310344827587,0.0004927842309046111
66,87,GS_cluster_223768576_223768772_223769676,1,1.1379310344827587,0.0004927842309046111
66,87,GS_cluster_2386406068_2386406069_310983598_32902785,6,1.1379310344827587,0.0004927842309046111
66,87,GS_cluster_239676543_239676949_490541043_490541044,0,1.1379310344827587,0.0004927842309046111
66,87,GS_cluster_243889728_255157093,0,1.1379310344827587,0.0004927842309046111
66,87,GS_cluster_253816661_253816670,2,1.1379310344827587,0.0004927842309046111
66,87,GS_cluster_253830876_253830877,2,1.1379310344827587,0.0004927842309046111
66,87,GS_cluster_255381543_312412116_315215123_32902786,5,1.1379310344827587,0.0004927842309046111
66,87,cluster_1402121584_2273191303_3734996876_4213981066,8,1.1379310344827587,0.0004927842309046111
66,87,cluster_1457897145_1457897151_1457897234_1829205101_#2more,4,1.1379310344827587,0.0004927842309046111
66,87,cluster_191015674_240636109,1,1.1379310344827587,0.0004927842309046111
66,87,cluster_194318778_223860463,6,1.1379310344827587,0.0004927842309046111
66,87,cluster_194370890_194370892_6383385990,5,1.1379310344827587,0.0004927842309046111
66,87,cluster_236007627_236007629,2,1.1379310344827587,0.0004927842309046111
66,87,cluster_2387345775_8660110932,1,1.1379310344827587,0.0004927842309046111
66,87,joinedS_223673500_310986270_5005784727_9277804071,1,1.1379310344827587,0.0004927842309046111
66,87,joinedS_cluster_192603469_255381549_3903527581_cluster_2385586901_255381611_32904045,5,1.1379310344827587,0.0004927842309046111
67,88,1407769410,3,0.8068181818181818,0.0004927842309046111
67,88,1407769424,5,0.8068181818181818,0.0004927842309046111
67,88,311194425,0,0.8068181818181818,0.0004927842309046111
67,88,GS_cluster_1150106029_1150106038_1150106046_179162926,2,0.8068181818181818,0.0004927842309046111
67,88,GS_cluster_11610500593_186913340,3,0.8068181818181818,0.0004927842309046111
67,88,GS_cluster_151014883_192048063_193875691_312411075,5,0.8068181818181818,0.0004927842309046111
67,88,GS_cluster_178816046_533885875_946783180_946783246,1,0.8068181818181818,0.0004927842309046111
67,88,GS_cluster_181310361_255157088_255157309_312307082,6,0.8068181818181818,0.0004927842309046111
67,88,GS_cluster_1829205187_1830275193_412647220,5,0.8068181818181818,0.0004927842309046111
67,88,GS_cluster_183575304_191009058,2,0.8068181818181818,0.0004927842309046111
67,88,GS_cluster_192610447_2701087637_2701087639_312411627,2,0.8068181818181818,0.0004927842309046111
67,88,GS_cluster_193896937_193901000_2526973953_956503884,1,0.8068181818181818,0.0004927842309046111
67,88,GS_cluster_223768576_223768772_223769676,1,0.8068181818181818,0.0004927842309046111
67,88,GS_cluster_2386406068_2386406069_310983598_32902785,6,0.8068181818181818,0.0004927842309046111
67,88,GS_cluster_239676543_239676949_490541043_490541044,0,0.8068181818181818,0.0004927842309046111
67,88,GS_cluster_243889728_255157093,0,0.8068181818181818,0.0004927842309046111
67,88,GS_cluster_253816661_253816670,2,0.8068181818181818,0.0004927842309046111
67,88,GS_cluster_253830876_253830877,2,0.8068181818181818,0.0004927842309046111
67,88,GS_cluster_255381543_312412116_315215123_32902786,6,0.8068181818181818,0.0004927842309046111
67,88,cluster_1402121584_2273191303_3734996876_4213981066,0,0.8068181818181818,0.0004927842309046111
67,88,cluster_1457897145_1457897151_1457897234_1829205101_#2more,4,0.8068181818181818,0.0004927842309046111
67,88,cluster_191015674_240636109,1,0.8068181818181818,0.0004927842309046111
67,88,cluster_194318778_223860463,6,0.8068181818181818,0.0004927842309046111
67,88,cluster_194370890_194370892_6383385990,5,0.8068181818181818,0.0004927842309046111
67,88,cluster_236007627_236007629,2,0.8068181818181818,0.0004927842309046111
67,88,cluster_2387345775_8660110932,1,0.8068181818181818,0.0004927842309046111
67,88,joinedS_223673500_310986270_5005784727_9277804071,1,0.8068181818181818,0.0004927842309046111
67,88,joinedS_cluster_192603469_255381549_3903527581_cluster_2385586901_255381611_32904045,5,0.8068181818181818,0.0004927842309046111
68,90,1407769410,3,0.8555555555555555,0.0004927842309046111
68,90,1407769424,5,0.8555555555555555,0.0004927842309046111
68,90,311194425,0,0.8555555555555555,0.0004927842309046111
68,90,GS_cluster_1150106029_1150106038_1150106046_179162926,2,0.8555555555555555,0.0004927842309046111
68,90,GS_cluster_11610500593_186913340,3,0.8555555555555555,0.0004927842309046111
68,90,GS_cluster_151014883_192048063_193875691_312411075,5,0.8555555555555555,0.0004927842309046111
68,90,GS_cluster_178816046_533885875_946783180_946783246,1,0.8555555555555555,0.0004927842309046111
68,90,GS_cluster_181310361_255157088_255157309_312307082,6,0.8555555555555555,0.0004927842309046111
68,90,GS_cluster_1829205187_1830275193_412647220,5,0.8555555555555555,0.0004927842309046111
68,90,GS_cluster_183575304_191009058,2,0.8555555555555555,0.0004927842309046111
68,90,GS_cluster_192610447_2701087637_2701087639_312411627,2,0.8555555555555555,0.0004927842309046111
68,90,GS_cluster_193896937_193901000_2526973953_956503884,1,0.8555555555555555,0.0004927842309046111
68,90,GS_cluster_223768576_223768772_223769676,1,0.8555555555555555,0.0004927842309046111
68,90,GS_cluster_2386406068_2386406069_310983598_32902785,6,0.8555555555555555,0.0004927842309046111
68,90,GS_cluster_239676543_239676949_490541043_490541044,0,0.8555555555555555,0.0004927842309046111
68,90,GS_cluster_243889728_255157093,0,0.8555555555555555,0.0004927842309046111
68,90,GS_cluster_253816661_253816670,2,0.8555555555555555,0.0004927842309046111
68,90,GS_cluster_253830876_253830877,2,0.8555555555555555,0.0004927842309046111
68,90,GS_cluster_255381543_312412116_315215123_32902786,6,0.8555555555555555,0.0004927842309046111
68,90,cluster_1402121584_2273191303_3734996876_4213981066,0,0.8555555555555555,0.0004927842309046111
68,90,cluster_1457897145_1457897151_1457897234_1829205101_#2more,5,0.8555555555555555,0.0004927842309046111
68,90,cluster_191015674_240636109,1,0.8555555555555555,0.0004927842309046111
68,90,cluster_194318778_223860463,6,0.8555555555555555,0.0004927842309046111
68,90,cluster_194370890_194370892_6383385990,5,0.8555555555555555,0.0004927842309046111
68,90,cluster_236007627_236007629,2,0.8555555555555555,0.0004927842309046111
68,90,cluster_2387345775_8660110932,1,0.8555555555555555,0.0004927842309046111
68,90,joinedS_223673500_310986270_5005784727_9277804071,1,0.8555555555555555,0.0004927842309046111
68,90,joinedS_cluster_192603469_255381549_3903527581_cluster_2385586901_255381611_32904045,5,0.8555555555555555,0.0004927842309046111
69,91,1407769410,0,0.9230769230769231,0.0005631819781766983
69,91,1407769424,0,0.9230769230769231,0.0005631819781766983
69,91,311194425,0,0.9230769230769231,0.0005631819781766983
69,91,GS_cluster_1150106029_1150106038_1150106046_179162926,2,0.9230769230769231,0.0005631819781766983
69,91,GS_cluster_11610500593_186913340,0,0.9230769230769231,0.0005631819781766983
69,91,GS_cluster_151014883_192048063_193875691_312411075,5,0.9230769230769231,0.0005631819781766983
69,91,GS_cluster_178816046_533885875_946783180_946783246,2,0.9230769230769231,0.0005631819781766983
69,91,GS_cluster_181310361_255157088_255157309_312307082,6,0.9230769230769231,0.0005631819781766983
69,91,GS_cluster_1829205187_1830275193_412647220,5,0.9230769230769231,0.0005631819781766983
69,91,GS_cluster_183575304_191009058,2,0.9230769230769231,0.0005631819781766983
69,91,GS_cluster_192610447_2701087637_2701087639_312411627,3,0.9230769230769231,0.0005631819781766983
69,91,GS_cluster_193896937_193901000_2526973953_956503884,1,0.9230769230769231,0.0005631819781766983
69,91,GS_cluster_223768576_223768772_223769676,2,0.9230769230769231,0.0005631819781766983
69,91,GS_cluster_2386406068_2386406069_310983598_32902785,6,0.9230769230769231,0.0005631819781766983
69,91,GS_cluster_239676543_239676949_490541043_490541044,0,0.9230769230769231,0.0005631819781766983
69,91,GS_cluster_243889728_255157093,0,0.9230769230769231,0.0005631819781766983
69,91,GS_cluster_253816661_253816670,2,0.9230769230769231,0.0005631819781766983
69,91,GS_cluster_253830876_253830877,2,0.9230769230769231,0.0005631819781766983
69,91,GS_cluster_255381543_312412116_315215123_32902786,6,0.9230769230769231,0.0005631819781766983
69,91,cluster_1402121584_2273191303_3734996876_4213981066,0,0.9230769230769231,0.0005631819781766983
69,91,cluster_1457897145_1457897151_1457897234_1829205101_#2more,5,0.9230769230769231,0.0005631819781766983
69,91,cluster_191015674_240636109,2,0.9230769230769231,0.0005631819781766983
69,91,cluster_194318778_223860463,6,0.9230769230769231,0.0005631819781766983
69,91,cluster_194370890_194370892_6383385990,0,0.9230769230769231,0.0005631819781766983
69,91,cluster_236007627_236007629,2,0.9230769230769231,0.0005631819781766983
69,91,cluster_2387345775_8660110932,1,0.9230769230769231,0.0005631819781766983
69,91,joinedS_223673500_310986270_5005784727_9277804071,2,0.9230769230769231,0.0005631819781766983
69,91,joinedS_cluster_192603469_255381549_3903527581_cluster_2385586901_255381611_32904045,5,0.9230769230769231,0.0005631819781766983
70,92,1407769410,0,0.6086956521739131,0.0004927842309046111
70,92,1407769424,0,0.6086956521739131,0.0004927842309046111
70,92,311194425,0,0.6086956521739131,0.0004927842309046111
70,92,GS_cluster_1150106029_1150106038_1150106046_179162926,2,0.6086956521739131,0.0004927842309046111
70,92,GS_cluster_11610500593_186913340,0,0.6086956521739131,0.0004927842309046111
70,92,GS_cluster_151014883_192048063_193875691_312411075,6,0.6086956521739131,0.0004927842309046111
70,92,GS_cluster_178816046_533885875_946783180_946783246,2,0.6086956521739131,0.0004927842309046111
70,92,GS_cluster_181310361_255157088_255157309_312307082,6,0.6086956521739131,0.0004927842309046111
70,92,GS_cluster_1829205187_1830275193_412647220,0,0.6086956521739131,0.0004927842309046111
70,92,GS_cluster_183575304_191009058,2,0.6086956521739131,0.0004927842309046111
70,92,GS_cluster_192610447_2701087637_2701087639_312411627,3,0.6086956521739131,0.0004927842309046111
70,92,GS_cluster_193896937_193901000_2526973953_956503884,2,0.6086956521739131,0.0004927842309046111
70,92,GS_cluster_223768576_223768772_223769676,2,0.6086956521739131,0.0004927842309046111
70,92,GS_cluster_2386406068_2386406069_310983598_32902785,6,0.6086956521739131,0.0004927842309046111
70,92,GS_cluster_239676543_239676949_490541043_490541044,0,0.6086956521739131,0.0004927842309046111
70,92,GS_cluster_243889728_255157093,0,0.6086956521739131,0.0004927842309046111
70,92,GS_cluster_253816661_253816670,2,0.6086956521739131,0.0004927842309046111
70,92,GS_cluster_253830876_253830877,2,0.6086956521739131,0.0004927842309046111
70,92,GS_cluster_255381543_312412116_315215123_32902786,6,0.6086956521739131,0.0004927842309046111
70,92,cluster_1402121584_2273191303_3734996876_4213981066,0,0.6086956521739131,0.0004927842309046111
70,92,cluster_1457897145_1457897151_1457897234_1829205101_#2more,5,0.6086956521739131,0.0004927842309046111
70,92,cluster_191015674_240636109,2,0.6086956521739131,0.0004927842309046111
70,92,cluster_194318778_223860463,6,0.6086956521739131,0.0004927842309046111
70,92,cluster_194370890_194370892_6383385990,0,0.6086956521739131,0.0004927842309046111
70,92,cluster_236007627_236007629,2,0.6086956521739131,0.0004927842309046111
70,92,cluster_2387345775_8660110932,2,0.6086956521739131,0.0004927842309046111
70,92,joinedS_223673500_310986270_5005784727_9277804071,2,0.6086956521739131,0.0004927842309046111
70,92,joinedS_cluster_192603469_255381549_3903527581_cluster_2385586901_255381611_32904045,6,0.6086956521739131,0.0004927842309046111
71,94,1407769410,1,0.6595744680851063,0.0004927842309046111
71,94,1407769424,1,0.6595744680851063,0.0004927842309046111
71,94,311194425,1,0.6595744680851063,0.0004927842309046111
71,94,GS_cluster_1150106029_1150106038_1150106046_179162926,3,0.6595744680851063,0.0004927842309046111
71,94,GS_cluster_11610500593_186913340,1,0.6595744680851063,0.0004927842309046111
71,94,GS_cluster_151014883_192048063_193875691_312411075,7,0.6595744680851063,0.0004927842309046111
71,94,GS_cluster_178816046_533885875_946783180_946783246,3,0.6595744680851063,0.0004927842309046111
71,94,GS_cluster_181310361_255157088_255157309_312307082,7,0.6595744680851063,0.0004927842309046111
71,94,GS_cluster_1829205187_1830275193_412647220,1,0.6595744680851063,0.0004927842309046111
71,94,GS_cluster_183575304_191009058,3,0.6595744680851063,0.0004927842309046111
71,94,GS_cluster_192610447_2701087637_2701087639_312411627,4,0.6595744680851063,0.0004927842309046111
71,94,GS_cluster_193896937_193901000_2526973953_956503884,3,0.6595744680851063,0.0004927842309046111
71,94,GS_cluster_223768576_223768772_223769676,3,0.6595744680851063,0.0004927842309046111
71,94,GS_cluster_2386406068_2386406069_310983598_32902785,7,0.6595744680851063,0.0004927842309046111
71,94,GS_cluster_239676543_239676949_490541043_490541044,1,0.6595744680851063,0.0004927842309046111
71,94,GS_cluster_243889728_255157093,1,0.6595744680851063,0.0004927842309046111
71,94,GS_cluster_253816661_253816670,3,0.6595744680851063,0.0004927842309046111
71,94,GS_cluster_253830876_253830877,3,0.6595744680851063,0.0004927842309046111
71,94,GS_cluster_255381543_312412116_315215123_32902786,7,0.6595744680851063,0.0004927842309046111
71,94,cluster_1402121584_2273191303_3734996876_4213981066,1,0.6595744680851063,0.0004927842309046111
71,94,cluster_1457897145_1457897151_1457897234_1829205101_#2more,0,0.6595744680851063,0.0004927842309046111
71,94,cluster_191015674_240636109,3,0.6595744680851063,0.0004927842309046111
71,94,cluster_194318778_223860463,7,0.6595744680851063,0.0004927842309046111
71,94,cluster_194370890_194370892_6383385990,1,0.6595744680851063,0.0004927842309046111
71,94,cluster_236007627_236007629,3,0.6595744680851063,0.0004927842309046111
71,94,cluster_2387345775_8660110932,3,0.6595744680851063,0.0004927842309046111
71,94,joinedS_223673500_310986270_5005784727_9277804071,3,0.6595744680851063,0.0004927842309046111
71,94,joinedS_cluster_192603469_255381549_3903527581_cluster_2385586901_255381611_32904045,7,0.6595744680851063,0.0004927842309046111
72,95,1407769410,1,0.7157894736842105,0.0004927842309046111
72,95,1407769424,1,0.7157894736842105,0.0004927842309046111
72,95,311194425,1,0.7157894736842105,0.0004927842309046111
72,95,GS_cluster_1150106029_1150106038_1150106046_179162926,3,0.7157894736842105,0.0004927842309046111
72,95,GS_cluster_11610500593_186913340,1,0.7157894736842105,0.0004927842309046111
72,95,GS_cluster_151014883_192048063_193875691_312411075,7,0.7157894736842105,0.0004927842309046111
72,95,GS_cluster_178816046_533885875_946783180_946783246,3,0.7157894736842105,0.0004927842309046111
72,95,GS_cluster_181310361_255157088_255157309_312307082,7,0.7157894736842105,0.0004927842309046111
72,95,GS_cluster_1829205187_1830275193_412647220,1,0.7157894736842105,0.0004927842309046111
72,95,GS_cluster_183575304_191009058,3,0.7157894736842105,0.0004927842309046111
72,95,GS_cluster_192610447_2701087637_2701087639_312411627,4,0.7157894736842105,0.0004927842309046111
72,95,GS_cluster_193896937_193901000_2526973953_956503884,3,0.7157894736842105,0.0004927842309046111
72,95,GS_cluster_223768576_223768772_223769676,3,0.7157894736842105,0.0004927842309046111
72,95,GS_cluster_2386406068_2386406069_310983598_32902785,7,0.7157894736842105,0.0004927842309046111
72,95,GS_cluster_239676543_239676949_490541043_490541044,1,0.7157894736842105,0.0004927842309046111
72,95,GS_cluster_243889728_255157093,1,0.7157894736842105,0.0004927842309046111
72,95,GS_cluster_253816661_253816670,3,0.7157894736842105,0.0004927842309046111
72,95,GS_cluster_253830876_253830877,3,0.7157894736842105,0.0004927842309046111
72,95,GS_cluster_255381543_312412116_315215123_32902786,7,0.7157894736842105,0.0004927842309046111
72,95,cluster_1402121584_2273191303_3734996876_4213981066,2,0.7157894736842105,0.0004927842309046111
72,95,cluster_1457897145_1457897151_1457897234_1829205101_#2more,0,0.7157894736842105,0.0004927842309046111
72,95,cluster_191015674_240636109,3,0.7157894736842105,0.0004927842309046111
72,95,cluster_194318778_223860463,7,0.7157894736842105,0.0004927842309046111
72,95,cluster_194370890_194370892_6383385990,1,0.7157894736842105,0.0004927842309046111
72,95,cluster_236007627_236007629,3,0.7157894736842105,0.0004927842309046111
72,95,cluster_2387345775_8660110932,3,0.7157894736842105,0.0004927842309046111
72,95,joinedS_223673500_310986270_5005784727_9277804071,3,0.7157894736842105,0.0004927842309046111
72,95,joinedS_cluster_192603469_255381549_3903527581_cluster_2385586901_255381611_32904045,7,0.7157894736842105,0.0004927842309046111
73,96,1407769410,1,0.53125,0.00042238648363252375
73,96,1407769424,1,0.53125,0.00042238648363252375
73,96,311194425,1,0.53125,0.00042238648363252375
73,96,GS_cluster_1150106029_1150106038_1150106046_179162926,3,0.53125,0.00042238648363252375
73,96,GS_cluster_11610500593_186913340,1,0.53125,0.00042238648363252375
73,96,GS_cluster_151014883_192048063_193875691_312411075,7,0.53125,0.00042238648363252375
73,96,GS_cluster_178816046_533885875_946783180_946783246,3,0.53125,0.00042238648363252375
73,96,GS_cluster_181310361_255157088_255157309_312307082,0,0.53125,0.00042238648363252375
73,96,GS_cluster_1829205187_1830275193_412647220,1,0.53125,0.00042238648363252375
73,96,GS_cluster_183575304_191009058,3,0.53125,0.00042238648363252375
73,96,GS_cluster_192610447_2701087637_2701087639_312411627,4,0.53125,0.00042238648363252375
73,96,GS_cluster_193896937_193901000_2526973953_956503884,3,0.53125,0.00042238648363252375
73,96,GS_cluster_223768576_223768772_223769676,3,0.53125,0.00042238648363252375
73,96,GS_cluster_2386406068_2386406069_310983598_32902785,0,0.53125,0.00042238648363252375
73,96,GS_cluster_239676543_239676949_490541043_490541044,1,0.53125,0.00042238648363252375
73,96,GS_cluster_243889728_255157093,1,0.53125,0.00042238648363252375
73,96,GS_cluster_253816661_253816670,3,0.53125,0.00042238648363252375
73,96,GS_cluster_253830876_253830877,3,0.53125,0.00042238648363252375
73,96,GS_cluster_255381543_312412116_315215123_32902786,7,0.53125,0.00042238648363252375
73,96,cluster_1402121584_2273191303_3734996876_4213981066,3,0.53125,0.00042238648363252375
73,96,cluster_1457897145_1457897151_1457897234_1829205101_#2more,1,0.53125,0.00042238648363252375
73,96,cluster_191015674_240636109,3,0.53125,0.00042238648363252375
73,96,cluster_194318778_223860463,0,0.53125,0.00042238648363252375
73,96,cluster_194370890_194370892_6383385990,1,0.53125,0.00042238648363252375
73,96,cluster_236007627_236007629,3,0.53125,0.00042238648363252375
73,96,cluster_2387345775_8660110932,3,0.53125,0.00042238648363252375
73,96,joinedS_223673500_310986270_5005784727_9277804071,3,0.53125,0.00042238648363252375
73,96,joinedS_cluster_192603469_255381549_3903527581_cluster_2385586901_255381611_32904045,7,0.53125,0.00042238648363252375
74,98,1407769410,2,0.5714285714285714,0.00035198873636043646
74,98,1407769424,2,0.5714285714285714,0.00035198873636043646
74,98,311194425,2,0.5714285714285714,0.00035198873636043646
74,98,GS_cluster_1150106029_1150106038_1150106046_179162926,3,0.5714285714285714,0.00035198873636043646
74,98,GS_cluster_11610500593_186913340,2,0.5714285714285714,0.00035198873636043646
74,98,GS_cluster_151014883_192048063_193875691_312411075,7,0.5714285714285714,0.00035198873636043646
74,98,GS_cluster_178816046_533885875_946783180_946783246,3,0.5714285714285714,0.00035198873636043646
74,98,GS_cluster_181310361_255157088_255157309_312307082,0,0.5714285714285714,0.00035198873636043646
74,98,GS_cluster_1829205187_1830275193_412647220,1,0.5714285714285714,0.00035198873636043646
74,98,GS_cluster_183575304_191009058,3,0.5714285714285714,0.00035198873636043646
74,98,GS_cluster_192610447_2701087637_2701087639_312411627,5,0.5714285714285714,0.00035198873636043646
74,98,GS_cluster_193896937_193901000_2526973953_956503884,3,0.5714285714285714,0.00035198873636043646
74,98,GS_cluster_223768576_223768772_223769676,3,0.5714285714285714,0.00035198873636043646
74,98,GS_cluster_2386406068_2386406069_310983598_32902785,0,0.5714285714285714,0.00035198873636043646
74,98,GS_cluster_239676543_239676949_490541043_490541044,2,0.5714285714285714,0.00035198873636043646
74,98,GS_cluster_243889728_255157093,2,0.5714285714285714,0.00035198873636043646
74,98,GS_cluster_253816661_253816670,3,0.5714285714285714,0.00035198873636043646
74,98,GS_cluster_253830876_253830877,3,0.5714285714285714,0.00035198873636043646
74,98,GS_cluster_255381543_312412116_315215123_32902786,7,0.5714285714285714,0.00035198873636043646
74,98,cluster_1402121584_2273191303_3734996876_4213981066,3,0.5714285714285714,0.00035198873636043646
74,98,cluster_1457897145_1457897151_1457897234_1829205101_#2more,1,0.5714285714285714,0.00035198873636043646
74,98,cluster_191015674_240636109,3,0.5714285714285714,0.00035198873636043646
74,98,cluster_194318778_223860463,0,0.5714285714285714,0.00035198873636043646
74,98,cluster_194370890_194370892_6383385990,2,0.5714285714285714,0.00035198873636043646
74,98,cluster_236007627_236007629,3,0.5714285714285714,0.00035198873636043646
74,98,cluster_2387345775_8660110932,3,0.5714285714285714,0.00035198873636043646
74,98,joinedS_223673500_310986270_5005784727_9277804071,4,0.5714285714285714,0.00035198873636043646
74,98,joinedS_cluster_192603469_255381549_3903527581_cluster_2385586901_255381611_32904045,7,0.5714285714285714,0.00035198873636043646
75,99,1407769410,2,0.25252525252525254,0.00035198873636043646
75,99,1407769424,2,0.25252525252525254,0.00035198873636043646
75,99,311194425,2,0.25252525252525254,0.00035198873636043646
75,99,GS_cluster_1150106029_1150106038_1150106046_179162926,4,0.25252525252525254,0.00035198873636043646
75,99,GS_cluster_11610500593_186913340,2,0.25252525252525254,0.00035198873636043646
75,99,GS_cluster_151014883_192048063_193875691_312411075,7,0.25252525252525254,0.00035198873636043646
75,99,GS_cluster_178816046_533885875_946783180_946783246,3,0.25252525252525254,0.00035198873636043646
75,99,GS_cluster_181310361_255157088_255157309_312307082,0,0.25252525252525254,0.00035198873636043646
75,99,GS_cluster_1829205187_1830275193_412647220,1,0.25252525252525254,0.00035198873636043646
75,99,GS_cluster_183575304_191009058,4,0.25252525252525254,0.00035198873636043646
75,99,GS_cluster_192610447_2701087637_2701087639_312411627,5,0.25252525252525254,0.00035198873636043646
75,99,GS_cluster_193896937_193901000_2526973953_956503884,3,0.25252525252525254,0.00035198873636043646
75,99,GS_cluster_223768576_223768772_223769676,3,0.25252525252525254,0.00035198873636043646
75,99,GS_cluster_2386406068_2386406069_310983598_32902785,0,0.25252525252525254,0.00035198873636043646
75,99,GS_cluster_239676543_239676949_490541043_490541044,2,0.25252525252525254,0.00035198873636043646
75,99,GS_cluster_243889728_255157093,2,0.25252525252525254,0.00035198873636043646
75,99,GS_cluster_253816661_253816670,0,0.25252525252525254,0.00035198873636043646
75,99,GS_cluster_253830876_253830877,4,0.25252525252525254,0.00035198873636043646
75,99,GS_cluster_255381543_312412116_315215123_32902786,7,0.25252525252525254,0.00035198873636043646
75,99,cluster_1402121584_2273191303_3734996876_4213981066,3,0.25252525252525254,0.00035198873636043646
75,99,cluster_1457897145_1457897151_1457897234_1829205101_#2more,1,0.25252525252525254,0.00035198873636043646
75,99,cluster_191015674_240636109,3,0.25252525252525254,0.00035198873636043646
75,99,cluster_194318778_223860463,0,0.25252525252525254,0.00035198873636043646
75,99,cluster_194370890_194370892_6383385990,2,0.25252525252525254,0.00035198873636043646
75,99,cluster_236007627_236007629,4,0.25252525252525254,0.00035198873636043646
75,99,cluster_2387345775_8660110932,3,0.25252525252525254,0.00035198873636043646
75,99,joinedS_223673500_310986270_5005784727_9277804071,4,0.25252525252525254,0.00035198873636043646
75,99,joinedS_cluster_192603469_255381549_3903527581_cluster_2385586901_255381611_32904045,0,0.25252525252525254,0.00035198873636043646
76,100,1407769410,2,0.29,0.00035198873636043646
76,100,1407769424,2,0.29,0.00035198873636043646
76,100,311194425,2,0.29,0.00035198873636043646
76,100,GS_cluster_1150106029_1150106038_1150106046_179162926,4,0.29,0.00035198873636043646
76,100,GS_cluster_11610500593_186913340,2,0.29,0.00035198873636043646
76,100,GS_cluster_151014883_192048063_193875691_312411075,7,0.29,0.00035198873636043646
76,100,GS_cluster_178816046_533885875_946783180_946783246,3,0.29,0.00035198873636043646
76,100,GS_cluster_181310361_255157088_255157309_312307082,0,0.29,0.00035198873636043646
76,100,GS_cluster_1829205187_1830275193_412647220,1,0.29,0.00035198873636043646
76,100,GS_cluster_183575304_191009058,4,0.29,0.00035198873636043646
76,100,GS_cluster_192610447_2701087637_2701087639_312411627,5,0.29,0.00035198873636043646
76,100,GS_cluster_193896937_193901000_2526973953_956503884,3,0.29,0.00035198873636043646
76,100,GS_cluster_223768576_223768772_223769676,3,0.29,0.00035198873636043646
76,100,GS_cluster_2386406068_2386406069_310983598_32902785,0,0.29,0.00035198873636043646
76,100,GS_cluster_239676543_239676949_490541043_490541044,2,0.29,0.00035198873636043646
76,100,GS_cluster_243889728_255157093,2,0.29,0.00035198873636043646
76,100,GS_cluster_253816661_253816670,0,0.29,0.00035198873636043646
76,100,GS_cluster_253830876_253830877,4,0.29,0.00035198873636043646
76,100,GS_cluster_255381543_312412116_315215123_32902786,7,0.29,0.00035198873636043646
76,100,cluster_1402121584_2273191303_3734996876_4213981066,3,0.29,0.00035198873636043646
76,100,cluster_1457897145_1457897151_1457897234_1829205101_#2more,1,0.29,0.00035198873636043646
76,100,cluster_191015674_240636109,3,0.29,0.00035198873636043646
76,100,cluster_194318778_223860463,0,0.29,0.00035198873636043646
76,100,cluster_194370890_194370892_6383385990,2,0.29,0.00035198873636043646
76,100,cluster_236007627_236007629,4,0.29,0.00035198873636043646
76,100,cluster_2387345775_8660110932,3,0.29,0.00035198873636043646
76,100,joinedS_223673500_310986270_5005784727_9277804071,4,0.29,0.00035198873636043646
76,100,joinedS_cluster_192603469_255381549_3903527581_cluster_2385586901_255381611_32904045,0,0.29,0.00035198873636043646
77,102,1407769410,2,0.3235294117647059,0.00035198873636043646
77,102,1407769424,2,0.3235294117647059,0.00035198873636043646
77,102,311194425,2,0.3235294117647059,0.00035198873636043646
77,102,GS_cluster_1150106029_1150106038_1150106046_179162926,4,0.3235294117647059,0.00035198873636043646
77,102,GS_cluster_11610500593_186913340,2,0.3235294117647059,0.00035198873636043646
77,102,GS_cluster_151014883_192048063_193875691_312411075,7,0.3235294117647059,0.00035198873636043646
77,102,GS_cluster_178816046_533885875_946783180_946783246,3,0.3235294117647059,0.00035198873636043646
77,102,GS_cluster_181310361_255157088_255157309_312307082,0,0.3235294117647059,0.00035198873636043646
77,102,GS_cluster_1829205187_1830275193_412647220,1,0.3235294117647059,0.00035198873636043646
77,102,GS_cluster_183575304_191009058,4,0.3235294117647059,0.00035198873636043646
77,102,GS_cluster_192610447_2701087637_2701087639_312411627,5,0.3235294117647059,0.00035198873636043646
77,102,GS_cluster_193896937_193901000_2526973953_956503884,3,0.3235294117647059,0.00035198873636043646
77,102,GS_cluster_223768576_223768772_223769676,3,0.3235294117647059,0.00035198873636043646
77,102,GS_cluster_2386406068_2386406069_310983598_32902785,0,0.3235294117647059,0.00035198873636043646
77,102,GS_cluster_239676543_239676949_490541043_490541044,2,0.3235294117647059,0.00035198873636043646
77,102,GS_cluster_243889728_255157093,2,0.3235294117647059,0.00035198873636043646
77,102,GS_cluster_253816661_253816670,0,0.3235294117647059,0.00035198873636043646
77,102,GS_cluster_253830876_253830877,4,0.3235294117647059,0.00035198873636043646
77,102,GS_cluster_255381543_312412116_315215123_32902786,7,0.3235294117647059,0.00035198873636043646
77,102,cluster_1402121584_2273191303_3734996876_4213981066,3,0.3235294117647059,0.00035198873636043646
77,102,cluster_1457897145_1457897151_1457897234_1829205101_#2more,1,0.3235294117647059,0.00035198873636043646
77,102,cluster_191015674_240636109,3,0.3235294117647059,0.00035198873636043646
77,102,cluster_194318778_223860463,0,0.3235294117647059,0.00035198873636043646
77,102,cluster_194370890_194370892_6383385990,2,0.3235294117647059,0.00035198873636043646
77,102,cluster_236007627_236007629,4,0.3235294117647059,0.00035198873636043646
77,102,cluster_2387345775_8660110932,3,0.3235294117647059,0.00035198873636043646
77,102,joinedS_223673500_310986270_5005784727_9277804071,4,0.3235294117647059,0.00035198873636043646
77,102,joinedS_cluster_192603469_255381549_3903527581_cluster_2385586901_255381611_32904045,0,0.3235294117647059,0.00035198873636043646
78,103,1407769410,2,0.3786407766990291,0.00042238648363252375
78,103,1407769424,2,0.3786407766990291,0.00042238648363252375
78,103,311194425,2,0.3786407766990291,0.00042238648363252375
78,103,GS_cluster_1150106029_1150106038_1150106046_179162926,4,0.3786407766990291,0.00042238648363252375
78,103,GS_cluster_11610500593_186913340,2,0.3786407766990291,0.00042238648363252375
78,103,GS_cluster_151014883_192048063_193875691_312411075,7,0.3786407766990291,0.00042238648363252375
78,103,GS_cluster_178816046_533885875_946783180_946783246,3,0.3786407766990291,0.00042238648363252375
78,103,GS_cluster_181310361_255157088_255157309_312307082,0,0.3786407766990291,0.00042238648363252375
78,103,GS_cluster_1829205187_1830275193_412647220,2,0.3786407766990291,0.00042238648363252375
78,103,GS_cluster_183575304_191009058,4,0.3786407766990291,0.00042238648363252375
78,103,GS_cluster_192610447_2701087637_2701087639_312411627,5,0.3786407766990291,0.00042238648363252375
78,103,GS_cluster_193896937_193901000_2526973953_956503884,3,0.3786407766990291,0.00042238648363252375
78,103,GS_cluster_223768576_223768772_223769676,3,0.3786407766990291,0.00042238648363252375
78,103,GS_cluster_2386406068_2386406069_310983598_32902785,0,0.3786407766990291,0.00042238648363252375
78,103,GS_cluster_239676543_239676949_490541043_490541044,2,0.3786407766990291,0.00042238648363252375
78,103,GS_cluster_243889728_255157093,2,0.3786407766990291,0.00042238648363252375
78,103,GS_cluster_253816661_253816670,0,0.3786407766990291,0.00042238648363252375
78,103,GS_cluster_253830876_253830877,4,0.3786407766990291,0.00042238648363252375
78,103,GS_cluster_255381543_312412116_315215123_32902786,7,0.3786407766990291,0.00042238648363252375
78,103,cluster_1402121584_2273191303_3734996876_4213981066,4,0.3786407766990291,0.00042238648363252375
78,103,cluster_1457897145_1457897151_1457897234_1829205101_#2more,2,0.3786407766990291,0.00042238648363252375
78,103,cluster_191015674_240636109,3,0.3786407766990291,0.00042238648363252375
78,103,cluster_194318778_223860463,0,0.3786407766990291,0.00042238648363252375
78,103,cluster_194370890_194370892_6383385990,2,0.3786407766990291,0.00042238648363252375
78,103,cluster_236007627_236007629,4,0.3786407766990291,0.00042238648363252375
78,103,cluster_2387345775_8660110932,3,0.3786407766990291,0.00042238648363252375
78,103,joinedS_223673500_310986270_5005784727_9277804071,4,0.3786407766990291,0.00042238648363252375
78,103,joinedS_cluster_192603469_255381549_3903527581_cluster_2385586901_255381611_32904045,0,0.3786407766990291,0.00042238648363252375
79,104,1407769410,3,0.4326923076923077,0.0004927842309046111
79,104,1407769424,3,0.4326923076923077,0.0004927842309046111
79,104,311194425,2,0.4326923076923077,0.0004927842309046111
79,104,GS_cluster_1150106029_1150106038_1150106046_179162926,4,0.4326923076923077,0.0004927842309046111
79,104,GS_cluster_11610500593_186913340,3,0.4326923076923077,0.0004927842309046111
79,104,GS_cluster_151014883_192048063_193875691_312411075,7,0.4326923076923077,0.0004927842309046111
79,104,GS_cluster_178816046_533885875_946783180_946783246,3,0.4326923076923077,0.0004927842309046111
79,104,GS_cluster_181310361_255157088_255157309_312307082,0,0.4326923076923077,0.0004927842309046111
79,104,GS_cluster_1829205187_1830275193_412647220,2,0.4326923076923077,0.0004927842309046111
79,104,GS_cluster_183575304_191009058,4,0.4326923076923077,0.0004927842309046111
79,104,GS_cluster_192610447_2701087637_2701087639_312411627,0,0.4326923076923077,0.0004927842309046111
79,104,GS_cluster_193896937_193901000_2526973953_956503884,3,0.4326923076923077,0.0004927842309046111
79,104,GS_cluster_223768576_223768772_223769676,3,0.4326923076923077,0.0004927842309046111
79,104,GS_cluster_2386406068_2386406069_310983598_32902785,0,0.4326923076923077,0.0004927842309046111
79,104,GS_cluster_239676543_239676949_490541043_490541044,2,0.4326923076923077,0.0004927842309046111
79,104,GS_cluster_243889728_255157093,2,0.4326923076923077,0.0004927842309046111
79,104,GS_cluster_253816661_253816670,0,0.4326923076923077,0.0004927842309046111
79,104,GS_cluster_253830876_253830877,4,0.4326923076923077,0.0004927842309046111
79,104,GS_cluster_255381543_312412116_315215123_32902786,7,0.4326923076923077,0.0004927842309046111
79,104,cluster_1402121584_2273191303_3734996876_4213981066,4,0.4326923076923077,0.0004927842309046111
79,104,cluster_1457897145_1457897151_1457897234_1829205101_#2more,2,0.4326923076923077,0.0004927842309046111
79,104,cluster_191015674_240636109,3,0.4326923076923077,0.0004927842309046111
79,104,cluster_194318778_223860463,0,0.4326923076923077,0.0004927842309046111
79,104,cluster_194370890_194370892_6383385990,3,0.4326923076923077,0.0004927842309046111
79,104,cluster_236007627_236007629,4,0.4326923076923077,0.0004927842309046111
79,104,cluster_2387345775_8660110932,3,0.4326923076923077,0.0004927842309046111
79,104,joinedS_223673500_310986270_5005784727_9277804071,4,0.4326923076923077,0.0004927842309046111
79,104,joinedS_cluster_192603469_255381549_3903527581_cluster_2385586901_255381611_32904045,0,0.4326923076923077,0.0004927842309046111
80,106,1407769410,3,0.39622641509433965,0.0006335797254487857
80,106,1407769424,3,0.39622641509433965,0.0006335797254487857
80,106,311194425,2,0.39622641509433965,0.0006335797254487857
80,106,GS_cluster_1150106029_1150106038_1150106046_179162926,5,0.39622641509433965,0.0006335797254487857
80,106,GS_cluster_11610500593_186913340,3,0.39622641509433965,0.0006335797254487857
80,106,GS_cluster_151014883_192048063_193875691_312411075,7,0.39622641509433965,0.0006335797254487857
80,106,GS_cluster_178816046_533885875_946783180_946783246,3,0.39622641509433965,0.0006335797254487857
80,106,GS_cluster_181310361_255157088_255157309_312307082,0,0.39622641509433965,0.0006335797254487857
80,106,GS_cluster_1829205187_1830275193_412647220,2,0.39622641509433965,0.0006335797254487857
80,106,GS_cluster_183575304_191009058,5,0.39622641509433965,0.0006335797254487857
80,106,GS_cluster_192610447_2701087637_2701087639_312411627,0,0.39622641509433965,0.0006335797254487857
80,106,GS_cluster_193896937_193901000_2526973953_956503884,3,0.39622641509433965,0.0006335797254487857
80,106,GS_cluster_223768576_223768772_223769676,3,0.39622641509433965,0.0006335797254487857
80,106,GS_cluster_2386406068_2386406069_310983598_32902785,0,0.39622641509433965,0.0006335797254487857
80,106,GS_cluster_239676543_239676949_490541043_490541044,2,0.39622641509433965,0.0006335797254487857
80,106,GS_cluster_243889728_255157093,2,0.39622641509433965,0.0006335797254487857
80,106,GS_cluster_253816661_253816670,1,0.39622641509433965,0.0006335797254487857
80,106,GS_cluster_253830876_253830877,5,0.39622641509433965,0.0006335797254487857
80,106,GS_cluster_255381543_312412116_315215123_32902786,0,0.39622641509433965,0.0006335797254487857
80,106,cluster_1402121584_2273191303_3734996876_4213981066,4,0.39622641509433965,0.0006335797254487857
80,106,cluster_1457897145_1457897151_1457897234_1829205101_#2more,2,0.39622641509433965,0.0006335797254487857
80,106,cluster_191015674_240636109,3,0.39622641509433965,0.0006335797254487857
80,106,cluster_194318778_223860463,0,0.39622641509433965,0.0006335797254487857
80,106,cluster_194370890_194370892_6383385990,3,0.39622641509433965,0.0006335797254487857
80,106,cluster_236007627_236007629,5,0.39622641509433965,0.0006335797254487857
80,106,cluster_2387345775_8660110932,0,0.39622641509433965,0.0006335797254487857
80,106,joinedS_223673500_310986270_5005784727_9277804071,4,0.39622641509433965,0.0006335797254487857
80,106,joinedS_cluster_192603469_255381549_3903527581_cluster_2385586901_255381611_32904045,0,0.39622641509433965,0.0006335797254487857
81,107,1407769410,0,0.2616822429906542,0.0004927842309046111
81,107,1407769424,4,0.2616822429906542,0.0004927842309046111
81,107,311194425,3,0.2616822429906542,0.0004927842309046111
81,107,GS_cluster_1150106029_1150106038_1150106046_179162926,0,0.2616822429906542,0.0004927842309046111
81,107,GS_cluster_11610500593_186913340,0,0.2616822429906542,0.0004927842309046111
81,107,GS_cluster_151014883_192048063_193875691_312411075,0,0.2616822429906542,0.0004927842309046111
81,107,GS_cluster_178816046_533885875_946783180_946783246,5,0.2616822429906542,0.0004927842309046111
81,107,GS_cluster_181310361_255157088_255157309_312307082,1,0.2616822429906542,0.0004927842309046111
81,107,GS_cluster_1829205187_1830275193_412647220,3,0.2616822429906542,0.0004927842309046111
81,107,GS_cluster_183575304_191009058,0,0.2616822429906542,0.0004927842309046111
81,107,GS_cluster_192610447_2701087637_2701087639_312411627,1,0.2616822429906542,0.0004927842309046111
81,107,GS_cluster_193896937_193901000_2526973953_956503884,4,0.2616822429906542,0.0004927842309046111
81,107,GS_cluster_223768576_223768772_223769676,5,0.2616822429906542,0.0004927842309046111
81,107,GS_cluster_2386406068_2386406069_310983598_32902785,1,0.2616822429906542,0.0004927842309046111
81,107,GS_cluster_239676543_239676949_490541043_490541044,3,0.2616822429906542,0.0004927842309046111
81,107,GS_cluster_243889728_255157093,3,0.2616822429906542,0.0004927842309046111
81,107,GS_cluster_253816661_253816670,2,0.2616822429906542,0.0004927842309046111
81,107,GS_cluster_253830876_253830877,0,0.2616822429906542,0.0004927842309046111
81,107,GS_cluster_255381543_312412116_315215123_32902786,1,0.2616822429906542,0.0004927842309046111
81,107,cluster_1402121584_2273191303_3734996876_4213981066,6,0.2616822429906542,0.0004927842309046111
81,107,cluster_1457897145_1457897151_1457897234_1829205101_#2more,3,0.2616822429906542,0.0004927842309046111
81,107,cluster_191015674_240636109,5,0.2616822429906542,0.0004927842309046111
81,107,cluster_194318778_223860463,1,0.2616822429906542,0.0004927842309046111
81,107,cluster_194370890_194370892_6383385990,4,0.2616822429906542,0.0004927842309046111
81,107,cluster_236007627_236007629,0,0.2616822429906542,0.0004927842309046111
81,107,cluster_2387345775_8660110932,1,0.2616822429906542,0.0004927842309046111
81,107,joinedS_223673500_310986270_5005784727_9277804071,5,0.2616822429906542,0.0004927842309046111
81,107,joinedS_cluster_192603469_255381549_3903527581_cluster_2385586901_255381611_32904045,1,0.2616822429906542,0.0004927842309046111
82,108,1407769410,1,0.3148148148148148,0.0004927842309046111
82,108,1407769424,5,0.3148148148148148,0.0004927842309046111
82,108,311194425,0,0.3148148148148148,0.0004927842309046111
82,108,GS_cluster_1150106029_1150106038_1150106046_179162926,0,0.3148148148148148,0.0004927842309046111
82,108,GS_cluster_11610500593_186913340,1,0.3148148148148148,0.0004927842309046111
82,108,GS_cluster_151014883_192048063_193875691_312411075,1,0.3148148148148148,0.0004927842309046111
82,108,GS_cluster_178816046_533885875_946783180_946783246,5,0.3148148148148148,0.0004927842309046111
82,108,GS_cluster_181310361_255157088_255157309_312307082,1,0.3148148148148148,0.0004927842309046111
82,108,GS_cluster_1829205187_1830275193_412647220,3,0.3148148148148148,0.0004927842309046111
82,108,GS_cluster_183575304_191009058,0,0.3148148148148148,0.0004927842309046111
82,108,GS_cluster_192610447_2701087637_2701087639_312411627,1,0.3148148148148148,0.0004927842309046111
82,108,GS_cluster_193896937_193901000_2526973953_956503884,5,0.3148148148148148,0.0004927842309046111
82,108,GS_cluster_223768576_223768772_223769676,5,0.3148148148148148,0.0004927842309046111
82,108,GS_cluster_2386406068_2386406069_310983598_32902785,1,0.3148148148148148,0.0004927842309046111
82,108,GS_cluster_239676543_239676949_490541043_490541044,4,0.3148148148148148,0.0004927842309046111
82,108,GS_cluster_243889728_255157093,0,0.3148148148148148,0.0004927842309046111
82,108,GS_cluster_253816661_253816670,2,0.3148148148148148,0.0004927842309046111
82,108,GS_cluster_253830876_253830877,0,0.3148148148148148,0.0004927842309046111
82,108,GS_cluster_255381543_312412116_315215123_32902786,1,0.3148148148148148,0.0004927842309046111
82,108,cluster_1402121584_2273191303_3734996876_4213981066,6,0.3148148148148148,0.0004927842309046111
82,108,cluster_1457897145_1457897151_1457897234_1829205101_#2more,3,0.3148148148148148,0.0004927842309046111
82,108,cluster_191015674_240636109,5,0.3148148148148148,0.0004927842309046111
82,108,cluster_194318778_223860463,1,0.3148148148148148,0.0004927842309046111
82,108,cluster_194370890_194370892_6383385990,5,0.3148148148148148,0.0004927842309046111
82,108,cluster_236007627_236007629,0,0.3148148148148148,0.0004927842309046111
82,108,cluster_2387345775_8660110932,1,0.3148148148148148,0.0004927842309046111
82,108,joinedS_223673500_310986270_5005784727_9277804071,5,0.3148148148148148,0.0004927842309046111
82,108,joinedS_cluster_192603469_255381549_3903527581_cluster_2385586901_255381611_32904045,1,0.3148148148148148,0.0004927842309046111
83,110,1407769410,1,0.38181818181818183,0.0005631819781766983
83,110,1407769424,5,0.38181818181818183,0.0005631819781766983
83,110,311194425,0,0.38181818181818183,0.0005631819781766983
83,110,GS_cluster_1150106029_1150106038_1150106046_179162926,0,0.38181818181818183,0.0005631819781766983
83,110,GS_cluster_11610500593_186913340,1,0.38181818181818183,0.0005631819781766983
83,110,GS_cluster_151014883_192048063_193875691_312411075,1,0.38181818181818183,0.0005631819781766983
83,110,GS_cluster_178816046_533885875_946783180_946783246,5,0.38181818181818183,0.0005631819781766983
83,110,GS_cluster_181310361_255157088_255157309_312307082,1,0.38181818181818183,0.0005631819781766983
83,110,GS_cluster_1829205187_1830275193_412647220,3,0.38181818181818183,0.0005631819781766983
83,110,GS_cluster_183575304_191009058,0,0.38181818181818183,0.0005631819781766983
83,110,GS_cluster_192610447_2701087637_2701087639_312411627,1,0.38181818181818183,0.0005631819781766983
83,110,GS_cluster_193896937_193901000_2526973953_956503884,5,0.38181818181818183,0.0005631819781766983
83,110,GS_cluster_223768576_223768772_223769676,5,0.38181818181818183,0.0005631819781766983
83,110,GS_cluster_2386406068_2386406069_310983598_32902785,1,0.38181818181818183,0.0005631819781766983
83,110,GS_cluster_239676543_239676949_490541043_490541044,4,0.38181818181818183,0.0005631819781766983
83,110,GS_cluster_243889728_255157093,0,0.38181818181818183,0.0005631819781766983
83,110,GS_cluster_253816661_253816670,2,0.38181818181818183,0.0005631819781766983
83,110,GS_cluster_253830876_253830877,0,0.38181818181818183,0.0005631819781766983
83,110,GS_cluster_255381543_312412116_315215123_32902786,1,0.38181818181818183,0.0005631819781766983
83,110,cluster_1402121584_2273191303_3734996876_4213981066,6,0.38181818181818183,0.0005631819781766983
83,110,cluster_1457897145_1457897151_1457897234_1829205101_#2more,3,0.38181818181818183,0.0005631819781766983
83,110,cluster_191015674_240636109,5,0.38181818181818183,0.0005631819781766983
83,110,cluster_194318778_223860463,1,0.38181818181818183,0.0005631819781766983
83,110,cluster_194370890_194370892_6383385990,5,0.38181818181818183,0.0005631819781766983
83,110,cluster_236007627_236007629,0,0.38181818181818183,0.0005631819781766983
83,110,cluster_2387345775_8660110932,1,0.38181818181818183,0.0005631819781766983
83,110,joinedS_223673500_310986270_5005784727_9277804071,5,0.38181818181818183,0.0005631819781766983
83,110,joinedS_cluster_192603469_255381549_3903527581_cluster_2385586901_255381611_32904045,1,0.38181818181818183,0.0005631819781766983
84,111,1407769410,1,0.4594594594594595,0.0007039774727208729
84,111,1407769424,5,0.4594594594594595,0.0007039774727208729
84,111,311194425,0,0.4594594594594595,0.0007039774727208729
84,111,GS_cluster_1150106029_1150106038_1150106046_179162926,0,0.4594594594594595,0.0007039774727208729
84,111,GS_cluster_11610500593_186913340,1,0.4594594594594595,0.0007039774727208729
84,111,GS_cluster_151014883_192048063_193875691_312411075,1,0.4594594594594595,0.0007039774727208729
84,111,GS_cluster_178816046_533885875_946783180_946783246,5,0.4594594594594595,0.0007039774727208729
84,111,GS_cluster_181310361_255157088_255157309_312307082,1,0.4594594594594595,0.0007039774727208729
84,111,GS_cluster_1829205187_1830275193_412647220,3,0.4594594594594595,0.0007039774727208729
84,111,GS_cluster_183575304_191009058,0,0.4594594594594595,0.0007039774727208729
84,111,GS_cluster_192610447_2701087637_2701087639_312411627,1,0.4594594594594595,0.0007039774727208729
84,111,GS_cluster_193896937_193901000_2526973953_956503884,5,0.4594594594594595,0.0007039774727208729
84,111,GS_cluster_223768576_223768772_223769676,5,0.4594594594594595,0.0007039774727208729
84,111,GS_cluster_2386406068_2386406069_310983598_32902785,1,0.4594594594594595,0.0007039774727208729
84,111,GS_cluster_239676543_239676949_490541043_490541044,4,0.4594594594594595,0.0007039774727208729
84,111,GS_cluster_243889728_255157093,0,0.4594594594594595,0.0007039774727208729
84,111,GS_cluster_253816661_253816670,2,0.4594594594594595,0.0007039774727208729
84,111,GS_cluster_253830876_253830877,0,0.4594594594594595,0.0007039774727208729
84,111,GS_cluster_255381543_312412116_315215123_32902786,1,0.4594594594594595,0.0007039774727208729
84,111,cluster_1402121584_2273191303_3734996876_4213981066,6,0.4594594594594595,0.0007039774727208729
84,111,cluster_1457897145_1457897151_1457897234_1829205101_#2more,3,0.4594594594594595,0.0007039774727208729
84,111,cluster_191015674_240636109,5,0.4594594594594595,0.0007039774727208729
84,111,cluster_194318778_223860463,1,0.4594594594594595,0.0007039774727208729
84,111,cluster_194370890_194370892_6383385990,5,0.4594594594594595,0.0007039774727208729
84,111,cluster_236007627_236007629,0,0.4594594594594595,0.0007039774727208729
84,111,cluster_2387345775_8660110932,1,0.4594594594594595,0.0007039774727208729
84,111,joinedS_223673500_310986270_5005784727_9277804071,5,0.4594594594594595,0.0007039774727208729
84,111,joinedS_cluster_192603469_255381549_3903527581_cluster_2385586901_255381611_32904045,1,0.4594594594594595,0.0007039774727208729
85,112,1407769410,2,0.4107142857142857,0.0008447729672650475
85,112,1407769424,0,0.4107142857142857,0.0008447729672650475
85,112,311194425,0,0.4107142857142857,0.0008447729672650475
85,112,GS_cluster_1150106029_1150106038_1150106046_179162926,1,0.4107142857142857,0.0008447729672650475
85,112,GS_cluster_11610500593_186913340,2,0.4107142857142857,0.0008447729672650475
85,112,GS_cluster_151014883_192048063_193875691_312411075,1,0.4107142857142857,0.0008447729672650475
85,112,GS_cluster_178816046_533885875_946783180_946783246,5,0.4107142857142857,0.0008447729672650475
85,112,GS_cluster_181310361_255157088_255157309_312307082,2,0.4107142857142857,0.0008447729672650475
85,112,GS_cluster_1829205187_1830275193_412647220,3,0.4107142857142857,0.0008447729672650475
85,112,GS_cluster_183575304_191009058,1,0.4107142857142857,0.0008447729672650475
85,112,GS_cluster_192610447_2701087637_2701087639_312411627,1,0.4107142857142857,0.0008447729672650475
85,112,GS_cluster_193896937_193901000_2526973953_956503884,5,0.4107142857142857,0.0008447729672650475
85,112,GS_cluster_223768576_223768772_223769676,5,0.4107142857142857,0.0008447729672650475
85,112,GS_cluster_2386406068_2386406069_310983598_32902785,2,0.4107142857142857,0.0008447729672650475
85,112,GS_cluster_239676543_239676949_490541043_490541044,4,0.4107142857142857,0.0008447729672650475
85,112,GS_cluster_243889728_255157093,0,0.4107142857142857,0.0008447729672650475
85,112,GS_cluster_253816661_253816670,3,0.4107142857142857,0.0008447729672650475
85,112,GS_cluster_253830876_253830877,1,0.4107142857142857,0.0008447729672650475
85,112,GS_cluster_255381543_312412116_315215123_32902786,1,0.4107142857142857,0.0008447729672650475
85,112,cluster_1402121584_2273191303_3734996876_4213981066,6,0.4107142857142857,0.0008447729672650475
85,112,cluster_1457897145_1457897151_1457897234_1829205101_#2more,3,0.4107142857142857,0.0008447729672650475
85,112,cluster_191015674_240636109,5,0.4107142857142857,0.0008447729672650475
85,112,cluster_194318778_223860463,2,0.4107142857142857,0.0008447729672650475
85,112,cluster_194370890_194370892_6383385990,0,0.4107142857142857,0.0008447729672650475
85,112,cluster_236007627_236007629,1,0.4107142857142857,0.0008447729672650475
85,112,cluster_2387345775_8660110932,1,0.4107142857142857,0.0008447729672650475
85,112,joinedS_223673500_310986270_5005784727_9277804071,5,0.4107142857142857,0.0008447729672650475
85,112,joinedS_cluster_192603469_255381549_3903527581_cluster_2385586901_255381611_32904045,1,0.4107142857142857,0.0008447729672650475
86,114,1407769410,2,0.42105263157894735,0.0007743752199929603
86,114,1407769424,0,0.42105263157894735,0.0007743752199929603
86,114,311194425,0,0.42105263157894735,0.0007743752199929603
86,114,GS_cluster_1150106029_1150106038_1150106046_179162926,1,0.42105263157894735,0.0007743752199929603
86,114,GS_cluster_11610500593_186913340,2,0.42105263157894735,0.0007743752199929603
86,114,GS_cluster_151014883_192048063_193875691_312411075,1,0.42105263157894735,0.0007743752199929603
86,114,GS_cluster_178816046_533885875_946783180_946783246,6,0.42105263157894735,0.0007743752199929603
86,114,GS_cluster_181310361_255157088_255157309_312307082,2,0.42105263157894735,0.0007743752199929603
86,114,GS_cluster_1829205187_1830275193_412647220,4,0.42105263157894735,0.0007743752199929603
86,114,GS_cluster_183575304_191009058,1,0.42105263157894735,0.0007743752199929603
86,114,GS_cluster_192610447_2701087637_2701087639_312411627,1,0.42105263157894735,0.0007743752199929603
86,114,GS_cluster_193896937_193901000_2526973953_956503884,5,0.42105263157894735,0.0007743752199929603
86,114,GS_cluster_223768576_223768772_223769676,6,0.42105263157894735,0.0007743752199929603
86,114,GS_cluster_2386406068_2386406069_310983598_32902785,2,0.42105263157894735,0.0007743752199929603
86,114,GS_cluster_239676543_239676949_490541043_490541044,4,0.42105263157894735,0.0007743752199929603
86,114,GS_cluster_243889728_255157093,0,0.42105263157894735,0.0007743752199929603
86,114,GS_cluster_253816661_253816670,3,0.42105263157894735,0.0007743752199929603
86,114,GS_cluster_253830876_253830877,1,0.42105263157894735,0.0007743752199929603
86,114,GS_cluster_255381543_312412116_315215123_32902786,1,0.42105263157894735,0.0007743752199929603
86,114,cluster_1402121584_2273191303_3734996876_4213981066,7,0.42105263157894735,0.0007743752199929603
86,114,cluster_1457897145_1457897151_1457897234_1829205101_#2more,4,0.42105263157894735,0.0007743752199929603
86,114,cluster_191015674_240636109,6,0.42105263157894735,0.0007743752199929603
86,114,cluster_194318778_223860463,2,0.42105263157894735,0.0007743752199929603
86,114,cluster_194370890_194370892_6383385990,0,0.42105263157894735,0.0007743752199929603
86,114,cluster_236007627_236007629,1,0.42105263157894735,0.0007743752199929603
86,114,cluster_2387345775_8660110932,1,0.42105263157894735,0.0007743752199929603
86,114,joinedS_223673500_310986270_5005784727_9277804071,5,0.42105263157894735,0.0007743752199929603
86,114,joinedS_cluster_192603469_255381549_3903527581_cluster_2385586901_255381611_32904045,1,0.42105263157894735,0.0007743752199929603
87,115,1407769410,2,0.4,0.0007743752199929603
87,115,1407769424,0,0.4,0.0007743752199929603
87,115,311194425,0,0.4,0.0007743752199929603
87,115,GS_cluster_1150106029_1150106038_1150106046_179162926,1,0.4,0.0007743752199929603
87,115,GS_cluster_11610500593_186913340,2,0.4,0.0007743752199929603
87,115,GS_cluster_151014883_192048063_193875691_312411075,2,0.4,0.0007743752199929603
87,115,GS_cluster_178816046_533885875_946783180_946783246,6,0.4,0.0007743752199929603
87,115,GS_cluster_181310361_255157088_255157309_312307082,2,0.4,0.0007743752199929603
87,115,GS_cluster_1829205187_1830275193_412647220,4,0.4,0.0007743752199929603
87,115,GS_cluster_183575304_191009058,1,0.4,0.0007743752199929603
87,115,GS_cluster_192610447_2701087637_2701087639_312411627,2,0.4,0.0007743752199929603
87,115,GS_cluster_193896937_193901000_2526973953_956503884,6,0.4,0.0007743752199929603
87,115,GS_cluster_223768576_223768772_223769676,6,0.4,0.0007743752199929603
87,115,GS_cluster_2386406068_2386406069_310983598_32902785,2,0.4,0.0007743752199929603
87,115,GS_cluster_239676543_239676949_490541043_490541044,4,0.4,0.0007743752199929603
87,115,GS_cluster_243889728_255157093,0,0.4,0.0007743752199929603
87,115,GS_cluster_253816661_253816670,3,0.4,0.0007743752199929603
87,115,GS_cluster_253830876_253830877,1,0.4,0.0007743752199929603
87,115,GS_cluster_255381543_312412116_315215123_32902786,1,0.4,0.0007743752199929603
87,115,cluster_1402121584_2273191303_3734996876_4213981066,7,0.4,0.0007743752199929603
87,115,cluster_1457897145_1457897151_1457897234_1829205101_#2more,4,0.4,0.0007743752199929603
87,115,cluster_191015674_240636109,6,0.4,0.0007743752199929603
87,115,cluster_194318778_223860463,2,0.4,0.0007743752199929603
87,115,cluster_194370890_194370892_6383385990,0,0.4,0.0007743752199929603
87,115,cluster_236007627_236007629,1,0.4,0.0007743752199929603
87,115,cluster_2387345775_8660110932,1,0.4,0.0007743752199929603
87,115,joinedS_223673500_310986270_5005784727_9277804071,0,0.4,0.0007743752199929603
87,115,joinedS_cluster_192603469_255381549_3903527581_cluster_2385586901_255381611_32904045,1,0.4,0.0007743752199929603
88,116,1407769410,2,0.4482758620689655,0.0007039774727208729
88,116,1407769424,0,0.4482758620689655,0.0007039774727208729
88,116,311194425,0,0.4482758620689655,0.0007039774727208729
88,116,GS_cluster_1150106029_1150106038_1150106046_179162926,1,0.4482758620689655,0.0007039774727208729
88,116,GS_cluster_11610500593_186913340,2,0.4482758620689655,0.0007039774727208729
88,116,GS_cluster_151014883_192048063_193875691_312411075,2,0.4482758620689655,0.0007039774727208729
88,116,GS_cluster_178816046_533885875_946783180_946783246,6,0.4482758620689655,0.0007039774727208729
88,116,GS_cluster_181310361_255157088_255157309_312307082,2,0.4482758620689655,0.0007039774727208729
88,116,GS_cluster_1829205187_1830275193_412647220,4,0.4482758620689655,0.0007039774727208729
88,116,GS_cluster_183575304_191009058,1,0.4482758620689655,0.0007039774727208729
88,116,GS_cluster_192610447_2701087637_2701087639_312411627,2,0.4482758620689655,0.0007039774727208729
88,116,GS_cluster_193896937_193901000_2526973953_956503884,6,0.4482758620689655,0.0007039774727208729
88,116,GS_cluster_223768576_223768772_223769676,6,0.4482758620689655,0.0007039774727208729
88,116,GS_cluster_2386406068_2386406069_310983598_32902785,2,0.4482758620689655,0.0007039774727208729
88,116,GS_cluster_239676543_239676949_490541043_490541044,4,0.4482758620689655,0.0007039774727208729
88,116,GS_cluster_243889728_255157093,0,0.4482758620689655,0.0007039774727208729
88,116,GS_cluster_253816661_253816670,3,0.4482758620689655,0.0007039774727208729
88,116,GS_cluster_253830876_253830877,1,0.4482758620689655,0.0007039774727208729
88,116,GS_cluster_255381543_312412116_315215123_32902786,1,0.4482758620689655,0.0007039774727208729
88,116,cluster_1402121584_2273191303_3734996876_4213981066,7,0.4482758620689655,0.0007039774727208729
88,116,cluster_1457897145_1457897151_1457897234_1829205101_#2more,4,0.4482758620689655,0.0007039774727208729
88,116,cluster_191015674_240636109,6,0.4482758620689655,0.0007039774727208729
88,116,cluster_194318778_223860463,2,0.4482758620689655,0.0007039774727208729
88,116,cluster_194370890_194370892_6383385990,0,0.4482758620689655,0.0007039774727208729
88,116,cluster_236007627_236007629,1,0.4482758620689655,0.0007039774727208729
88,116,cluster_2387345775_8660110932,1,0.4482758620689655,0.0007039774727208729
88,116,joinedS_223673500_310986270_5005784727_9277804071,0,0.4482758620689655,0.0007039774727208729
88,116,joinedS_cluster_192603469_255381549_3903527581_cluster_2385586901_255381611_32904045,2,0.4482758620689655,0.0007039774727208729
89,118,1407769410,2,0.4915254237288136,0.0007039774727208729
89,118,1407769424,0,0.4915254237288136,0.0007039774727208729
89,118,311194425,0,0.4915254237288136,0.0007039774727208729
89,118,GS_cluster_1150106029_1150106038_1150106046_179162926,1,0.4915254237288136,0.0007039774727208729
89,118,GS_cluster_11610500593_186913340,2,0.4915254237288136,0.0007039774727208729
89,118,GS_cluster_151014883_192048063_193875691_312411075,2,0.4915254237288136,0.0007039774727208729
89,118,GS_cluster_178816046_533885875_946783180_946783246,6,0.4915254237288136,0.0007039774727208729
89,118,GS_cluster_181310361_255157088_255157309_312307082,2,0.4915254237288136,0.0007039774727208729
89,118,GS_cluster_1829205187_1830275193_412647220,4,0.4915254237288136,0.0007039774727208729
89,118,GS_cluster_183575304_191009058,1,0.4915254237288136,0.0007039774727208729
89,118,GS_cluster_192610447_2701087637_2701087639_312411627,2,0.4915254237288136,0.0007039774727208729
89,118,GS_cluster_193896937_193901000_2526973953_956503884,6,0.4915254237288136,0.0007039774727208729
89,118,GS_cluster_223768576_223768772_223769676,6,0.4915254237288136,0.0007039774727208729
89,118,GS_cluster_2386406068_2386406069_310983598_32902785,2,0.4915254237288136,0.0007039774727208729
89,118,GS_cluster_239676543_239676949_490541043_490541044,4,0.4915254237288136,0.0007039774727208729
89,118,GS_cluster_243889728_255157093,0,0.4915254237288136,0.0007039774727208729
89,118,GS_cluster_253816661_253816670,3,0.4915254237288136,0.0007039774727208729
89,118,GS_cluster_253830876_253830877,1,0.4915254237288136,0.0007039774727208729
89,118,GS_cluster_255381543_312412116_315215123_32902786,1,0.4915254237288136,0.0007039774727208729
89,118,cluster_1402121584_2273191303_3734996876_4213981066,8,0.4915254237288136,0.0007039774727208729
89,118,cluster_1457897145_1457897151_1457897234_1829205101_#2more,4,0.4915254237288136,0.0007039774727208729
89,118,cluster_191015674_240636109,6,0.4915254237288136,0.0007039774727208729
89,118,cluster_194318778_223860463,2,0.4915254237288136,0.0007039774727208729
89,118,cluster_194370890_194370892_6383385990,0,0.4915254237288136,0.0007039774727208729
89,118,cluster_236007627_236007629,1,0.4915254237288136,0.0007039774727208729
89,118,cluster_2387345775_8660110932,1,0.4915254237288136,0.0007039774727208729
89,118,joinedS_223673500_310986270_5005784727_9277804071,0,0.4915254237288136,0.0007039774727208729
89,118,joinedS_cluster_192603469_255381549_3903527581_cluster_2385586901_255381611_32904045,2,0.4915254237288136,0.0007039774727208729
90,119,1407769410,3,0.4957983193277311,0.0005631819781766983
90,119,1407769424,1,0.4957983193277311,0.0005631819781766983
90,119,311194425,1,0.4957983193277311,0.0005631819781766983
90,119,GS_cluster_1150106029_1150106038_1150106046_179162926,2,0.4957983193277311,0.0005631819781766983
90,119,GS_cluster_11610500593_186913340,3,0.4957983193277311,0.0005631819781766983
90,119,GS_cluster_151014883_192048063_193875691_312411075,2,0.4957983193277311,0.0005631819781766983
90,119,GS_cluster_178816046_533885875_946783180_946783246,6,0.4957983193277311,0.0005631819781766983
90,119,GS_cluster_181310361_255157088_255157309_312307082,2,0.4957983193277311,0.0005631819781766983
90,119,GS_cluster_1829205187_1830275193_412647220,4,0.4957983193277311,0.0005631819781766983
90,119,GS_cluster_183575304_191009058,2,0.4957983193277311,0.0005631819781766983
90,119,GS_cluster_192610447_2701087637_2701087639_312411627,2,0.4957983193277311,0.0005631819781766983
90,119,GS_cluster_193896937_193901000_2526973953_956503884,6,0.4957983193277311,0.0005631819781766983
90,119,GS_cluster_223768576_223768772_223769676,6,0.4957983193277311,0.0005631819781766983
90,119,GS_cluster_2386406068_2386406069_310983598_32902785,2,0.4957983193277311,0.0005631819781766983
90,119,GS_cluster_239676543_239676949_490541043_490541044,5,0.4957983193277311,0.0005631819781766983
90,119,GS_cluster_243889728_255157093,1,0.4957983193277311,0.0005631819781766983
90,119,GS_cluster_253816661_253816670,0,0.4957983193277311,0.0005631819781766983
90,119,GS_cluster_253830876_253830877,2,0.4957983193277311,0.0005631819781766983
90,119,GS_cluster_255381543_312412116_315215123_32902786,1,0.4957983193277311,0.0005631819781766983
90,119,cluster_1402121584_2273191303_3734996876_4213981066,8,0.4957983193277311,0.0005631819781766983
90,119,cluster_1457897145_1457897151_1457897234_1829205101_#2more,4,0.4957983193277311,0.0005631819781766983
90,119,cluster_191015674_240636109,6,0.4957983193277311,0.0005631819781766983
90,119,cluster_194318778_223860463,2,0.4957983193277311,0.0005631819781766983
90,119,cluster_194370890_194370892_6383385990,1,0.4957983193277311,0.0005631819781766983
90,119,cluster_236007627_236007629,2,0.4957983193277311,0.0005631819781766983
90,119,cluster_2387345775_8660110932,1,0.4957983193277311,0.0005631819781766983
90,119,joinedS_223673500_310986270_5005784727_9277804071,0,0.4957983193277311,0.0005631819781766983
90,119,joinedS_cluster_192603469_255381549_3903527581_cluster_2385586901_255381611_32904045,2,0.4957983193277311,0.0005631819781766983
91,120,1407769410,0,0.4166666666666667,0.00042238648363252375
91,120,1407769424,2,0.4166666666666667,0.00042238648363252375
91,120,311194425,2,0.4166666666666667,0.00042238648363252375
91,120,GS_cluster_1150106029_1150106038_1150106046_179162926,3,0.4166666666666667,0.00042238648363252375
91,120,GS_cluster_11610500593_186913340,0,0.4166666666666667,0.00042238648363252375
91,120,GS_cluster_151014883_192048063_193875691_312411075,3,0.4166666666666667,0.00042238648363252375
91,120,GS_cluster_178816046_533885875_946783180_946783246,0,0.4166666666666667,0.00042238648363252375
91,120,GS_cluster_181310361_255157088_255157309_312307082,3,0.4166666666666667,0.00042238648363252375
91,120,GS_cluster_1829205187_1830275193_412647220,0,0.4166666666666667,0.00042238648363252375
91,120,GS_cluster_183575304_191009058,3,0.4166666666666667,0.00042238648363252375
91,120,GS_cluster_192610447_2701087637_2701087639_312411627,3,0.4166666666666667,0.00042238648363252375
91,120,GS_cluster_193896937_193901000_2526973953_956503884,7,0.4166666666666667,0.00042238648363252375
91,120,GS_cluster_223768576_223768772_223769676,0,0.4166666666666667,0.00042238648363252375
91,120,GS_cluster_2386406068_2386406069_310983598_32902785,3,0.4166666666666667,0.00042238648363252375
91,120,GS_cluster_239676543_239676949_490541043_490541044,6,0.4166666666666667,0.00042238648363252375
91,120,GS_cluster_243889728_255157093,2,0.4166666666666667,0.00042238648363252375
91,120,GS_cluster_253816661_253816670,1,0.4166666666666667,0.00042238648363252375
91,120,GS_cluster_253830876_253830877,3,0.4166666666666667,0.00042238648363252375
91,120,GS_cluster_255381543_312412116_315215123_32902786,2,0.4166666666666667,0.00042238648363252375
91,120,cluster_1402121584_2273191303_3734996876_4213981066,1,0.4166666666666667,0.00042238648363252375
91,120,cluster_1457897145_1457897151_1457897234_1829205101_#2more,0,0.4166666666666667,0.00042238648363252375
91,120,cluster_191015674_240636109,0,0.4166666666666667,0.00042238648363252375
91,120,cluster_194318778_223860463,3,0.4166666666666667,0.00042238648363252375
91,120,cluster_194370890_194370892_6383385990,2,0.4166666666666667,0.00042238648363252375
91,120,cluster_236007627_236007629,3,0.4166666666666667,0.00042238648363252375
91,120,cluster_2387345775_8660110932,2,0.4166666666666667,0.00042238648363252375
91,120,joinedS_223673500_310986270_5005784727_9277804071,1,0.4166666666666667,0.00042238648363252375
91,120,joinedS_cluster_192603469_255381549_3903527581_cluster_2385586901_255381611_32904045,3,0.4166666666666667,0.00042238648363252375
92,121,1407769410,0,0.4628099173553719,0.0004927842309046111
92,121,1407769424,2,0.4628099173553719,0.0004927842309046111
92,121,311194425,2,0.4628099173553719,0.0004927842309046111
92,121,GS_cluster_1150106029_1150106038_1150106046_179162926,3,0.4628099173553719,0.0004927842309046111
92,121,GS_cluster_11610500593_186913340,0,0.4628099173553719,0.0004927842309046111
92,121,GS_cluster_151014883_192048063_193875691_312411075,3,0.4628099173553719,0.0004927842309046111
92,121,GS_cluster_178816046_533885875_946783180_946783246,0,0.4628099173553719,0.0004927842309046111
92,121,GS_cluster_181310361_255157088_255157309_312307082,3,0.4628099173553719,0.0004927842309046111
92,121,GS_cluster_1829205187_1830275193_412647220,0,0.4628099173553719,0.0004927842309046111
92,121,GS_cluster_183575304_191009058,3,0.4628099173553719,0.0004927842309046111
92,121,GS_cluster_192610447_2701087637_2701087639_312411627,3,0.4628099173553719,0.0004927842309046111
92,121,GS_cluster_193896937_193901000_2526973953_956503884,0,0.4628099173553719,0.0004927842309046111
92,121,GS_cluster_223768576_223768772_223769676,0,0.4628099173553719,0.0004927842309046111
92,121,GS_cluster_2386406068_2386406069_310983598_32902785,3,0.4628099173553719,0.0004927842309046111
92,121,GS_cluster_239676543_239676949_490541043_490541044,6,0.4628099173553719,0.0004927842309046111
92,121,GS_cluster_243889728_255157093,2,0.4628099173553719,0.0004927842309046111
92,121,GS_cluster_253816661_253816670,1,0.4628099173553719,0.0004927842309046111
92,121,GS_cluster_253830876_253830877,3,0.4628099173553719,0.0004927842309046111
92,121,GS_cluster_255381543_312412116_315215123_32902786,3,0.4628099173553719,0.0004927842309046111
92,121,cluster_1402121584_2273191303_3734996876_4213981066,1,0.4628099173553719,0.0004927842309046111
92,121,cluster_1457897145_1457897151_1457897234_1829205101_#2more,0,0.4628099173553719,0.0004927842309046111
92,121,cluster_191015674_240636109,0,0.4628099173553719,0.0004927842309046111
92,121,cluster_194318778_223860463,3,0.4628099173553719,0.0004927842309046111
92,121,cluster_194370890_194370892_6383385990,2,0.4628099173553719,0.0004927842309046111
92,121,cluster_236007627_236007629,3,0.4628099173553719,0.0004927842309046111
92,121,cluster_2387345775_8660110932,2,0.4628099173553719,0.0004927842309046111
92,121,joinedS_223673500_310986270_5005784727_9277804071,1,0.4628099173553719,0.0004927842309046111
92,121,joinedS_cluster_192603469_255381549_3903527581_cluster_2385586901_255381611_32904045,3,0.4628099173553719,0.0004927842309046111
93,122,1407769410,1,0.5081967213114754,0.0004927842309046111
93,122,1407769424,3,0.5081967213114754,0.0004927842309046111
93,122,311194425,2,0.5081967213114754,0.0004927842309046111
93,122,GS_cluster_1150106029_1150106038_1150106046_179162926,3,0.5081967213114754,0.0004927842309046111
93,122,GS_cluster_11610500593_186913340,1,0.5081967213114754,0.0004927842309046111
93,122,GS_cluster_151014883_192048063_193875691_312411075,3,0.5081967213114754,0.0004927842309046111
93,122,GS_cluster_178816046_533885875_946783180_946783246,0,0.5081967213114754,0.0004927842309046111
93,122,GS_cluster_181310361_255157088_255157309_312307082,3,0.5081967213114754,0.0004927842309046111
93,122,GS_cluster_1829205187_1830275193_412647220,0,0.5081967213114754,0.0004927842309046111
93,122,GS_cluster_183575304_191009058,3,0.5081967213114754,0.0004927842309046111
93,122,GS_cluster_192610447_2701087637_2701087639_312411627,3,0.5081967213114754,0.0004927842309046111
93,122,GS_cluster_193896937_193901000_2526973953_956503884,0,0.5081967213114754,0.0004927842309046111
93,122,GS_cluster_223768576_223768772_223769676,0,0.5081967213114754,0.0004927842309046111
93,122,GS_cluster_2386406068_2386406069_310983598_32902785,3,0.5081967213114754,0.0004927842309046111
93,122,GS_cluster_239676543_239676949_490541043_490541044,6,0.5081967213114754,0.0004927842309046111
93,122,GS_cluster_243889728_255157093,2,0.5081967213114754,0.0004927842309046111
93,122,GS_cluster_253816661_253816670,1,0.5081967213114754,0.0004927842309046111
93,122,GS_cluster_253830876_253830877,3,0.5081967213114754,0.0004927842309046111
93,122,GS_cluster_255381543_312412116_315215123_32902786,3,0.5081967213114754,0.0004927842309046111
93,122,cluster_1402121584_2273191303_3734996876_4213981066,1,0.5081967213114754,0.0004927842309046111
93,122,cluster_1457897145_1457897151_1457897234_1829205101_#2more,0,0.5081967213114754,0.0004927842309046111
93,122,cluster_191015674_240636109,0,0.5081967213114754,0.0004927842309046111
93,122,cluster_194318778_223860463,3,0.5081967213114754,0.0004927842309046111
93,122,cluster_194370890_194370892_6383385990,3,0.5081967213114754,0.0004927842309046111
93,122,cluster_236007627_236007629,3,0.5081967213114754,0.0004927842309046111
93,122,cluster_2387345775_8660110932,3,0.5081967213114754,0.0004927842309046111
93,122,joinedS_223673500_310986270_5005784727_9277804071,1,0.5081967213114754,0.0004927842309046111
93,122,joinedS_cluster_192603469_255381549_3903527581_cluster_2385586901_255381611_32904045,3,0.5081967213114754,0.0004927842309046111
94,123,1407769410,1,0.5853658536585366,0.0007743752199929603
94,123,1407769424,3,0.5853658536585366,0.0007743752199929603
94,123,311194425,2,0.5853658536585366,0.0007743752199929603
94,123,GS_cluster_1150106029_1150106038_1150106046_179162926,3,0.5853658536585366,0.0007743752199929603
94,123,GS_cluster_11610500593_186913340,1,0.5853658536585366,0.0007743752199929603
94,123,GS_cluster_151014883_192048063_193875691_312411075,3,0.5853658536585366,0.0007743752199929603
94,123,GS_cluster_178816046_533885875_946783180_946783246,0,0.5853658536585366,0.0007743752199929603
94,123,GS_cluster_181310361_255157088_255157309_312307082,3,0.5853658536585366,0.0007743752199929603
94,123,GS_cluster_1829205187_1830275193_412647220,0,0.5853658536585366,0.0007743752199929603
94,123,GS_cluster_183575304_191009058,3,0.5853658536585366,0.0007743752199929603
94,123,GS_cluster_192610447_2701087637_2701087639_312411627,3,0.5853658536585366,0.0007743752199929603
94,123,GS_cluster_193896937_193901000_2526973953_956503884,0,0.5853658536585366,0.0007743752199929603
94,123,GS_cluster_223768576_223768772_223769676,0,0.5853658536585366,0.0007743752199929603
94,123,GS_cluster_2386406068_2386406069_310983598_32902785,3,0.5853658536585366,0.0007743752199929603
94,123,GS_cluster_239676543_239676949_490541043_490541044,6,0.5853658536585366,0.0007743752199929603
94,123,GS_cluster_243889728_255157093,2,0.5853658536585366,0.0007743752199929603
94,123,GS_cluster_253816661_253816670,1,0.5853658536585366,0.0007743752199929603
94,123,GS_cluster_253830876_253830877,3,0.5853658536585366,0.0007743752199929603
94,123,GS_cluster_255381543_312412116_315215123_32902786,3,0.5853658536585366,0.0007743752199929603
94,123,cluster_1402121584_2273191303_3734996876_4213981066,2,0.5853658536585366,0.0007743752199929603
94,123,cluster_1457897145_1457897151_1457897234_1829205101_#2more,0,0.5853658536585366,0.0007743752199929603
94,123,cluster_191015674_240636109,0,0.5853658536585366,0.0007743752199929603
94,123,cluster_194318778_223860463,3,0.5853658536585366,0.0007743752199929603
94,123,cluster_194370890_194370892_6383385990,3,0.5853658536585366,0.0007743752199929603
94,123,cluster_236007627_236007629,3,0.5853658536585366,0.0007743752199929603
94,123,cluster_2387345775_8660110932,3,0.5853658536585366,0.0007743752199929603
94,123,joinedS_223673500_310986270_5005784727_9277804071,1,0.5853658536585366,0.0007743752199929603
94,123,joinedS_cluster_192603469_255381549_3903527581_cluster_2385586901_255381611_32904045,3,0.5853658536585366,0.0007743752199929603
95,125,1407769410,1,0.656,0.0007743752199929603
95,125,1407769424,3,0.656,0.0007743752199929603
95,125,311194425,3,0.656,0.0007743752199929603
95,125,GS_cluster_1150106029_1150106038_1150106046_179162926,3,0.656,0.0007743752199929603
95,125,GS_cluster_11610500593_186913340,1,0.656,0.0007743752199929603
95,125,GS_cluster_151014883_192048063_193875691_312411075,3,0.656,0.0007743752199929603
95,125,GS_cluster_178816046_533885875_946783180_946783246,0,0.656,0.0007743752199929603
95,125,GS_cluster_181310361_255157088_255157309_312307082,3,0.656,0.0007743752199929603
95,125,GS_cluster_1829205187_1830275193_412647220,0,0.656,0.0007743752199929603
95,125,GS_cluster_183575304_191009058,3,0.656,0.0007743752199929603
95,125,GS_cluster_192610447_2701087637_2701087639_312411627,4,0.656,0.0007743752199929603
95,125,GS_cluster_193896937_193901000_2526973953_956503884,0,0.656,0.0007743752199929603
95,125,GS_cluster_223768576_223768772_223769676,0,0.656,0.0007743752199929603
95,125,GS_cluster_2386406068_2386406069_310983598_32902785,3,0.656,0.0007743752199929603
95,125,GS_cluster_239676543_239676949_490541043_490541044,7,0.656,0.0007743752199929603
95,125,GS_cluster_243889728_255157093,3,0.656,0.0007743752199929603
95,125,GS_cluster_253816661_253816670,2,0.656,0.0007743752199929603
95,125,GS_cluster_253830876_253830877,3,0.656,0.0007743752199929603
95,125,GS_cluster_255381543_312412116_315215123_32902786,3,0.656,0.0007743752199929603
95,125,cluster_1402121584_2273191303_3734996876_4213981066,3,0.656,0.0007743752199929603
95,125,cluster_1457897145_1457897151_1457897234_1829205101_#2more,0,0.656,0.0007743752199929603
95,125,cluster_191015674_240636109,0,0.656,0.0007743752199929603
95,125,cluster_194318778_223860463,3,0.656,0.0007743752199929603
95,125,cluster_194370890_194370892_6383385990,3,0.656,0.0007743752199929603
95,125,cluster_236007627_236007629,3,0.656,0.0007743752199929603
95,125,cluster_2387345775_8660110932,3,0.656,0.0007743752199929603
95,125,joinedS_223673500_310986270_5005784727_9277804071,1,0.656,0.0007743752199929603
95,125,joinedS_cluster_192603469_255381549_3903527581_cluster_2385586901_255381611_32904045,3,0.656,0.0007743752199929603
96,126,1407769410,2,0.7380952380952381,0.0007743752199929603
96,126,1407769424,4,0.7380952380952381,0.0007743752199929603
96,126,311194425,3,0.7380952380952381,0.0007743752199929603
96,126,GS_cluster_1150106029_1150106038_1150106046_179162926,3,0.7380952380952381,0.0007743752199929603
96,126,GS_cluster_11610500593_186913340,2,0.7380952380952381,0.0007743752199929603
96,126,GS_cluster_151014883_192048063_193875691_312411075,3,0.7380952380952381,0.0007743752199929603
96,126,GS_cluster_178816046_533885875_946783180_946783246,0,0.7380952380952381,0.0007743752199929603
96,126,GS_cluster_181310361_255157088_255157309_312307082,3,0.7380952380952381,0.0007743752199929603
96,126,GS_cluster_1829205187_1830275193_412647220,0,0.7380952380952381,0.0007743752199929603
96,126,GS_cluster_183575304_191009058,3,0.7380952380952381,0.0007743752199929603
96,126,GS_cluster_192610447_2701087637_2701087639_312411627,4,0.7380952380952381,0.0007743752199929603
96,126,GS_cluster_193896937_193901000_2526973953_956503884,0,0.7380952380952381,0.0007743752199929603
96,126,GS_cluster_223768576_223768772_223769676,0,0.7380952380952381,0.0007743752199929603
96,126,GS_cluster_2386406068_2386406069_310983598_32902785,3,0.7380952380952381,0.0007743752199929603
96,126,GS_cluster_239676543_239676949_490541043_490541044,7,0.7380952380952381,0.0007743752199929603
96,126,GS_cluster_243889728_255157093,3,0.7380952380952381,0.0007743752199929603
96,126,GS_cluster_253816661_253816670,2,0.7380952380952381,0.0007743752199929603
96,126,GS_cluster_253830876_253830877,3,0.7380952380952381,0.0007743752199929603
96,126,GS_cluster_255381543_312412116_315215123_32902786,3,0.7380952380952381,0.0007743752199929603
96,126,cluster_1402121584_2273191303_3734996876_4213981066,3,0.7380952380952381,0.0007743752199929603
96,126,cluster_1457897145_1457897151_1457897234_1829205101_#2more,0,0.7380952380952381,0.0007743752199929603
96,126,cluster_191015674_240636109,0,0.7380952380952381,0.0007743752199929603
96,126,cluster_194318778_223860463,3,0.7380952380952381,0.0007743752199929603
96,126,cluster_194370890_194370892_6383385990,4,0.7380952380952381,0.0007743752199929603
96,126,cluster_236007627_236007629,3,0.7380952380952381,0.0007743752199929603
96,126,cluster_2387345775_8660110932,3,0.7380952380952381,0.0007743752199929603
96,126,joinedS_223673500_310986270_5005784727_9277804071,1,0.7380952380952381,0.0007743752199929603
96,126,joinedS_cluster_192603469_255381549_3903527581_cluster_2385586901_255381611_32904045,3,0.7380952380952381,0.0007743752199929603
97,128,1407769410,2,0.8125,0.0009151707145371348
97,128,1407769424,4,0.8125,0.0009151707145371348
97,128,311194425,3,0.8125,0.0009151707145371348
97,128,GS_cluster_1150106029_1150106038_1150106046_179162926,3,0.8125,0.0009151707145371348
97,128,GS_cluster_11610500593_186913340,2,0.8125,0.0009151707145371348
97,128,GS_cluster_151014883_192048063_193875691_312411075,3,0.8125,0.0009151707145371348
97,128,GS_cluster_178816046_533885875_946783180_946783246,0,0.8125,0.0009151707145371348
97,128,GS_cluster_181310361_255157088_255157309_312307082,4,0.8125,0.0009151707145371348
97,128,GS_cluster_1829205187_1830275193_412647220,0,0.8125,0.0009151707145371348
97,128,GS_cluster_183575304_191009058,3,0.8125,0.0009151707145371348
97,128,GS_cluster_192610447_2701087637_2701087639_312411627,4,0.8125,0.0009151707145371348
97,128,GS_cluster_193896937_193901000_2526973953_956503884,0,0.8125,0.0009151707145371348
97,128,GS_cluster_223768576_223768772_223769676,0,0.8125,0.0009151707145371348
97,128,GS_cluster_2386406068_2386406069_310983598_32902785,4,0.8125,0.0009151707145371348
97,128,GS_cluster_239676543_239676949_490541043_490541044,7,0.8125,0.0009151707145371348
97,128,GS_cluster_243889728_255157093,3,0.8125,0.0009151707145371348
97,128,GS_cluster_253816661_253816670,2,0.8125,0.0009151707145371348
97,128,GS_cluster_253830876_253830877,3,0.8125,0.0009151707145371348
97,128,GS_cluster_255381543_312412116_315215123_32902786,3,0.8125,0.0009151707145371348
97,128,cluster_1402121584_2273191303_3734996876_4213981066,3,0.8125,0.0009151707145371348
97,128,cluster_1457897145_1457897151_1457897234_1829205101_#2more,0,0.8125,0.0009151707145371348
97,128,cluster_191015674_240636109,0,0.8125,0.0009151707145371348
97,128,cluster_194318778_223860463,4,0.8125,0.0009151707145371348
97,128,cluster_194370890_194370892_6383385990,4,0.8125,0.0009151707145371348
97,128,cluster_236007627_236007629,3,0.8125,0.0009151707145371348
97,128,cluster_2387345775_8660110932,3,0.8125,0.0009151707145371348
97,128,joinedS_223673500_310986270_5005784727_9277804071,1,0.8125,0.0009151707145371348
97,128,joinedS_cluster_192603469_255381549_3903527581_cluster_2385586901_255381611_32904045,3,0.8125,0.0009151707145371348
98,130,1407769410,2,0.9076923076923077,0.0010559662090813093
98,130,1407769424,4,0.9076923076923077,0.0010559662090813093
98,130,311194425,3,0.9076923076923077,0.0010559662090813093
98,130,GS_cluster_1150106029_1150106038_1150106046_179162926,3,0.9076923076923077,0.0010559662090813093
98,130,GS_cluster_11610500593_186913340,2,0.9076923076923077,0.0010559662090813093
98,130,GS_cluster_151014883_192048063_193875691_312411075,3,0.9076923076923077,0.0010559662090813093
98,130,GS_cluster_178816046_533885875_946783180_946783246,0,0.9076923076923077,0.0010559662090813093
98,130,GS_cluster_181310361_255157088_255157309_312307082,4,0.9076923076923077,0.0010559662090813093
98,130,GS_cluster_1829205187_1830275193_412647220,0,0.9076923076923077,0.0010559662090813093
98,130,GS_cluster_183575304_191009058,3,0.9076923076923077,0.0010559662090813093
98,130,GS_cluster_192610447_2701087637_2701087639_312411627,4,0.9076923076923077,0.0010559662090813093
98,130,GS_cluster_193896937_193901000_2526973953_956503884,0,0.9076923076923077,0.0010559662090813093
98,130,GS_cluster_223768576_223768772_223769676,0,0.9076923076923077,0.0010559662090813093
98,130,GS_cluster_2386406068_2386406069_310983598_32902785,4,0.9076923076923077,0.0010559662090813093
98,130,GS_cluster_239676543_239676949_490541043_490541044,7,0.9076923076923077,0.0010559662090813093
98,130,GS_cluster_243889728_255157093,3,0.9076923076923077,0.0010559662090813093
98,130,GS_cluster_253816661_253816670,2,0.9076923076923077,0.0010559662090813093
98,130,GS_cluster_253830876_253830877,3,0.9076923076923077,0.0010559662090813093
98,130,GS_cluster_255381543_312412116_315215123_32902786,4,0.9076923076923077,0.0010559662090813093
98,130,cluster_1402121584_2273191303_3734996876_4213981066,3,0.9076923076923077,0.0010559662090813093
98,130,cluster_1457897145_1457897151_1457897234_1829205101_#2more,0,0.9076923076923077,0.0010559662090813093
98,130,cluster_191015674_240636109,0,0.9076923076923077,0.0010559662090813093
98,130,cluster_194318778_223860463,4,0.9076923076923077,0.0010559662090813093
98,130,cluster_194370890_194370892_6383385990,4,0.9076923076923077,0.0010559662090813093
98,130,cluster_236007627_236007629,3,0.9076923076923077,0.0010559662090813093
98,130,cluster_2387345775_8660110932,3,0.9076923076923077,0.0010559662090813093
98,130,joinedS_223673500_310986270_5005784727_9277804071,1,0.9076923076923077,0.0010559662090813093
98,130,joinedS_cluster_192603469_255381549_3903527581_cluster_2385586901_255381611_32904045,3,0.9076923076923077,0.0010559662090813093
99,131,1407769410,2,1.0229007633587786,0.001196761703625484
99,131,1407769424,4,1.0229007633587786,0.001196761703625484
99,131,311194425,3,1.0229007633587786,0.001196761703625484
99,131,GS_cluster_1150106029_1150106038_1150106046_179162926,3,1.0229007633587786,0.001196761703625484
99,131,GS_cluster_11610500593_186913340,2,1.0229007633587786,0.001196761703625484
99,131,GS_cluster_151014883_192048063_193875691_312411075,4,1.0229007633587786,0.001196761703625484
99,131,GS_cluster_178816046_533885875_946783180_946783246,0,1.0229007633587786,0.001196761703625484
99,131,GS_cluster_181310361_255157088_255157309_312307082,4,1.0229007633587786,0.001196761703625484
99,131,GS_cluster_1829205187_1830275193_412647220,0,1.0229007633587786,0.001196761703625484
99,131,GS_cluster_183575304_191009058,3,1.0229007633587786,0.001196761703625484
99,131,GS_cluster_192610447_2701087637_2701087639_312411627,4,1.0229007633587786,0.001196761703625484
99,131,GS_cluster_193896937_193901000_2526973953_956503884,0,1.0229007633587786,0.001196761703625484
99,131,GS_cluster_223768576_223768772_223769676,0,1.0229007633587786,0.001196761703625484
99,131,GS_cluster_2386406068_2386406069_310983598_32902785,4,1.0229007633587786,0.001196761703625484
99,131,GS_cluster_239676543_239676949_490541043_490541044,7,1.0229007633587786,0.001196761703625484
99,131,GS_cluster_243889728_255157093,3,1.0229007633587786,0.001196761703625484
99,131,GS_cluster_253816661_253816670,2,1.0229007633587786,0.001196761703625484
99,131,GS_cluster_253830876_253830877,3,1.0229007633587786,0.001196761703625484
99,131,GS_cluster_255381543_312412116_315215123_32902786,4,1.0229007633587786,0.001196761703625484
99,131,cluster_1402121584_2273191303_3734996876_4213981066,3,1.0229007633587786,0.001196761703625484
99,131,cluster_1457897145_1457897151_1457897234_1829205101_#2more,1,1.0229007633587786,0.001196761703625484
99,131,cluster_191015674_240636109,0,1.0229007633587786,0.001196761703625484
99,131,cluster_194318778_223860463,4,1.0229007633587786,0.001196761703625484
99,131,cluster_194370890_194370892_6383385990,4,1.0229007633587786,0.001196761703625484
99,131,cluster_236007627_236007629,3,1.0229007633587786,0.001196761703625484
99,131,cluster_2387345775_8660110932,0,1.0229007633587786,0.001196761703625484
99,131,joinedS_223673500_310986270_5005784727_9277804071,1,1.0229007633587786,0.001196761703625484
99,131,joinedS_cluster_192603469_255381549_3903527581_cluster_2385586901_255381611_32904045,3,1.0229007633587786,0.001196761703625484
